Region Name,Province Name,City/Municipality Name,Barangay Name
REGION XII (SOCCSKSARGEN),COTABATO (NORTH COTABATO),ALAMADA,BAO
REGION XII (SOCCSKSARGEN),COTABATO (NORTH COTABATO),ALAMADA,BARANGIRAN
REGION XII (SOCCSKSARGEN),COTABATO (NORTH COTABATO),ALAMADA,CAMANSI
REGION XII (SOCCSKSARGEN),COTABATO (NORTH COTABATO),ALAMADA,DADO
REGION XII (SOCCSKSARGEN),COTABATO (NORTH COTABATO),ALAMADA,GUILING
REGION XII (SOCCSKSARGEN),COTABATO (NORTH COTABATO),ALAMADA,KITACUBONG (POB.)
REGION XII (SOCCSKSARGEN),COTABATO (NORTH COTABATO),ALAMADA,MACABASA
REGION XII (SOCCSKSARGEN),COTABATO (NORTH COTABATO),ALAMADA,MALITUBOG
REGION XII (SOCCSKSARGEN),COTABATO (NORTH COTABATO),ALAMADA,MAPUROK
REGION XII (SOCCSKSARGEN),COTABATO (NORTH COTABATO),ALAMADA,PACAO
REGION XII (SOCCSKSARGEN),COTABATO (NORTH COTABATO),ALAMADA,PARUAYAN
REGION XII (SOCCSKSARGEN),COTABATO (NORTH COTABATO),ALAMADA,PIGCAWARAN
REGION XII (SOCCSKSARGEN),COTABATO (NORTH COTABATO),ALAMADA,POLAYAGAN
REGION XII (SOCCSKSARGEN),COTABATO (NORTH COTABATO),ALAMADA,RANGAYEN
REGION XII (SOCCSKSARGEN),COTABATO (NORTH COTABATO),ALAMADA,LOWER DADO
REGION XII (SOCCSKSARGEN),COTABATO (NORTH COTABATO),ALAMADA,MIRASOL
REGION XII (SOCCSKSARGEN),COTABATO (NORTH COTABATO),ALAMADA,RARADANGAN
REGION XII (SOCCSKSARGEN),COTABATO (NORTH COTABATO),CARMEN,AROMAN
REGION XII (SOCCSKSARGEN),COTABATO (NORTH COTABATO),CARMEN,BENTANGAN
REGION XII (SOCCSKSARGEN),COTABATO (NORTH COTABATO),CARMEN,CADIIS
REGION XII (SOCCSKSARGEN),COTABATO (NORTH COTABATO),CARMEN,GENERAL LUNA
REGION XII (SOCCSKSARGEN),COTABATO (NORTH COTABATO),CARMEN,KATANAYANAN
REGION XII (SOCCSKSARGEN),COTABATO (NORTH COTABATO),CARMEN,KIB-AYAO
REGION XII (SOCCSKSARGEN),COTABATO (NORTH COTABATO),CARMEN,KIBENES
REGION XII (SOCCSKSARGEN),COTABATO (NORTH COTABATO),CARMEN,KIBUGTONGAN
REGION XII (SOCCSKSARGEN),COTABATO (NORTH COTABATO),CARMEN,KILALA
REGION XII (SOCCSKSARGEN),COTABATO (NORTH COTABATO),CARMEN,KIMADZIL
REGION XII (SOCCSKSARGEN),COTABATO (NORTH COTABATO),CARMEN,KITULAAN
REGION XII (SOCCSKSARGEN),COTABATO (NORTH COTABATO),CARMEN,LANGOGAN
REGION XII (SOCCSKSARGEN),COTABATO (NORTH COTABATO),CARMEN,LANOON
REGION XII (SOCCSKSARGEN),COTBATO (NORTH COTABATO),CARMEN,LILIONGAN
REGION XII (SOCCSKSARGEN),COTABATO (NORTH COTABATO),CARMEN,UGALINGAN (LUMAYONG)
REGION XII (SOCCSKSARGEN),COTABATO (NORTH COTABATO),CARMEN,MACABENBAN
REGION XII (SOCCSKSARGEN),COTABATO (NORTH COTABATO),CARMEN,MALAPAG
REGION XII (SOCCSKSARGEN),COTABATO (NORTH COTABATO),CARMEN,MANARAPAN
REGION XII (SOCCSKSARGEN),COTABATO (NORTH COTABATO),CARMEN,MANILI
REGION XII (SOCCSKSARGEN),COTABATO (NORTH COTABATO),CARMEN,NASAPIAN
REGION XII (SOCCSKSARGEN),COTABATO (NORTH COTABATO),CARMEN,PALANGGALAN
REGION XII (SOCCSKSARGEN),COTABATO (NORTH COTABATO),CARMEN,PEBPOLOAN
REGION XII (SOCCSKSARGEN),COTABATO (NORTH COTABATO),CARMEN,POBLACION
REGION XII (SOCCSKSARGEN),COTABATO (NORTH COTABATO),CARMEN,RANZO
REGION XII (SOCCSKSARGEN),COTABATO (NORTH COTABATO),CARMEN,TACUPAN
REGION XII (SOCCSKSARGEN),COTABATO (NORTH COTABATO),CARMEN,TAMBAD
REGION XII (SOCCSKSARGEN),COTABATO (NORTH COTABATO),CARMEN,TONGANON
REGION XII (SOCCSKSARGEN),COTABATO (NORTH COTABATO),CARMEN,TUPIG
REGION XII (SOCCSKSARGEN),COTABATO (NORTH COTABATO),KABACAN,ARINGAY
REGION XII (SOCCSKSARGEN),COTABATO (NORTH COTABATO),KABACAN,BANGILAN
REGION XII (SOCCSKSARGEN),COTABATO (NORTH COTABATO),KABACAN,BANNAWAG
REGION XII (SOCCSKSARGEN),COTABATO (NORTH COTABATO),KABACAN,BULUAN
REGION XII (SOCCSKSARGEN),COTABATO (NORTH COTABATO),KABACAN,CUYAPON
REGION XII (SOCCSKSARGEN),COTABATO (NORTH COTABATO),KABACAN,DAGUPAN
REGION XII (SOCCSKSARGEN),COTABATO (NORTH COTABATO),KABACAN,KATIDTUAN
REGION XII (SOCCSKSARGEN),COTABATO (NORTH COTABATO),KABACAN,KAYAGA
REGION XII (SOCCSKSARGEN),COTABATO (NORTH COTABATO),KABACAN,KILAGASAN
REGION XII (SOCCSKSARGEN),COTABATO (NORTH COTABATO),KABACAN,MAGATOS
REGION XII (SOCCSKSARGEN),COTABATO (NORTH COTABATO),KABACAN,MALAMOTE
REGION XII (SOCCSKSARGEN),COTABATO (NORTH COTABATO),KABACAN,MALANDUAGUE
REGION XII (SOCCSKSARGEN),COTABATO (NORTH COTABATO),KABACAN,NANGA-AN
REGION XII (SOCCSKSARGEN),COTABATO (NORTH COTABATO),KABACAN,OSIAS
REGION XII (SOCCSKSARGEN),COTABATO (NORTH COTABATO),KABACAN,PAATAN LOWER
REGION XII (SOCCSKSARGEN),COTABATO (NORTH COTABATO),KABACAN,PAATAN UPPER
REGION XII (SOCCSKSARGEN),COTABATO (NORTH COTABATO),KABACAN,PEDTAD
REGION XII (SOCCSKSARGEN),COTABATO (NORTH COTABATO),KABACAN,PISAN
REGION XII (SOCCSKSARgen),COTABATO (NORTH COTABATO),KABACAN,POBLACION
REGION XII (SOCCSKSARGEN),COTABATO (NORTH COTABATO),KABACAN,SALAPUNGAN
REGION XII (SOCCSKSARGEN),COTABATO (NORTH COTABATO),KABACAN,SANGGADONG
REGION XII (SOCCSKSARGEN),COTABATO (NORTH COTABATO),KABACAN,SIMBUHAY
REGION XII (SOCCSKSARGEN),COTABATO (NORTH COTABATO),KABACAN,SIMONE
REGION XII (SOCCSKSARGEN),COTABATO (NORTH COTABATO),KABACAN,TAMPED
REGION XII (SOCCSKSARGEN),COTABATO (NORTH COTABATO),CITY OF KIDAPAWAN (Capital),AMAS
REGION XII (SOCCSKSARGEN),COTABATO (NORTH COTABATO),CITY OF KIDAPAWAN (Capital),AMAZION
REGION XII (SOCCSKSARGEN),COTABATO (NORTH COTABATO),CITY OF KIDAPAWAN (Capital),BALABAG
REGION XII (SOCCSKSARGEN),COTABATO (NORTH COTABATO),CITY OF KIDAPAWAN (Capital),BALINDOG
REGION XII (SOCCSKSARGEN),COTABATO (NORTH COTABATO),CITY OF KIDAPAWAN (Capital),BENOLIGAN
REGION XII (SOCCSKSARGEN),COTABATO (NORTH COTABATO),CITY OF KIDAPAWAN (Capital),BERADA
REGION XII (SOCCSKSARGEN),COTABATO (NORTH COTABATO),CITY OF KIDAPAWAN (Capital),GAYOLA
REGION XII (SOCCSKSARGEN),COTABATO (NORTH COTABATO),CITY OF KIDAPAWAN (Capital),GINATILAN
REGION XII (SOCCSKSARGEN),COTABATO (NORTH COTABATO),CITY OF KIDAPAWAN (Capital),ILOMAVIS
REGION XII (SOCCSKSARGEN),COTABATO (NORTH COTABATO),CITY OF KIDAPAWAN (Capital),INDANGAN
REGION XII (SOCCSKSARGEN),COTABATO (NORTH COTABATO),CITY OF KIDAPAWAN (Capital),JUNCTION
REGION XII (SOCCSKSARGEN),COTABATO (NORTH COTABATO),CITY OF KIDAPAWAN (Capital),KALAISAN
REGION XII (SOCCSKSARGEN),COTABATO (NORTH COTABATO),CITY OF KIDAPAWAN (Capital),KALASUYAN
REGION XII (SOCCSKSARGEN),COTABATO (NORTH COTABATO),CITY OF KIDAPAWAN (Capital),KATIPUNAN
REGION XII (SOCCSKSARGEN),COTABATO (NORTH COTABATO),CITY OF KIDAPAWAN (Capital),LANAO
REGION XII (SOCCSKSARGEN),COTABATO (NORTH COTABATO),CITY OF KIDAPAWAN (Capital),LINANGCOB
REGION XII (SOCCSKSARGEN),COTABATO (NORTH COTABATO),CITY OF KIDAPAWAN (Capital),LUVIMIN
REGION XII (SOCCSKSARGEN),COTABATO (NORTH COTABATO),CITY OF KIDAPAWAN (Capital),MACABOLIG
REGION XII (SOCCSKSARGEN),COTABATO (NORTH COTABATO),CITY OF KIDAPAWAN (Capital),MALINAN
REGION XII (SOCCSKSARGEN),COTABATO (NORTH COTABATO),CITY OF KIDAPAWAN (Capital),MANONGOL
REGION XII (SOCCSKSARGEN),COTABATO (NORTH COTABATO),CITY OF KIDAPAWAN (Capital),MARBEL (EMBAC)
REGION XII (SOCCSKSARGEN),COTABATO (NORTH COTABATO),CITY OF KIDAPAWAN (Capital),MATEO
REGION XII (SOCCSKSARGEN),COTABATO (NORTH COTABATO),CITY OF KIDAPAWAN (Capital),MEOCHAO
REGION XII (SOCCSKSARGEN),COTABATO (NORTH COTABATO),CITY OF KIDAPAWAN (Capital),MUA-AN
REGION XII (SOCCSKSARGEN),COTABATO (NORTH COTABATO),CITY OF KIDAPAWAN (Capital),NEW BOHOL
REGION XII (SOCCSKSARGEN),COTABATO (NORTH COTABATO),CITY OF KIDAPAWAN (Capital),NUANGAN
REGION XII (SOCCSKSARGEN),COTABATO (NORTH COTABATO),CITY OF KIDAPAWAN (Capital),ONICA
REGION XII (SOCCSKSARGEN),COTABATO (NORTH COTABATO),CITY OF KIDAPAWAN (Capital),PACO
REGION XII (SOCCSKSARGEN),COTABATO (NORTH COTABATO),CITY OF KIDAPAWAN (Capital),PATADON (PATADON EAST)
REGION XII (SOCCSKSARGEN),COTABATO (NORTH COTABATO),CITY OF KIDAPAWAN (Capital),PEREZ
REGION XII (SOCCSKSARGEN),COTABATO (NORTH COTABATO),CITY OF KIDAPAWAN (Capital),POBLACION
REGION XII (SOCCSKSARGEN),COTABATO (NORTH COTABATO),CITY OF KIDAPAWAN (Capital),SAN ISIDRO
REGION XII (SOCCSKSARGEN),COTABATO (NORTH COTABATO),CITY OF KIDAPAWAN (Capital),SAN ROQUE
REGION XII (SOCCSKSARGEN),COTABATO (NORTH COTABATO),CITY OF KIDAPAWAN (Capital),SANTO NIÑO
REGION XII (SOCCSKSARGEN),COTABATO (NORTH COTABATO),CITY OF KIDAPAWAN (Capital),SIBAWAN
REGION XII (SOCCSKSARGEN),COTABATO (NORTH COTABATO),CITY OF KIDAPAWAN (Capital),SIKITAN
REGION XII (SOCCSKSARGEN),COTABATO (NORTH COTABATO),CITY OF KIDAPAWAN (Capital),SINGAO
REGION XII (SOCCSKSARGEN),COTABATO (NORTH COTABATO),CITY OF KIDAPAWAN (Capital),SUDAPIN
REGION XII (SOCCSKSARGEN),COTABATO (NORTH COTABATO),CITY OF KIDAPAWAN (Capital),SUMBAO
REGION XII (SOCCSKSARGEN),COTABATO (NORTH COTABATO),CITY OF KIDAPAWAN (Capital),MAGSAYSAY
REGION XII (SOCCSKSARGEN),COTABATO (NORTH COTABATO),LIBUNGAN,ABAGA
REGION XII (SOCCSKSARGEN),COTABATO (NORTH COTABATO),LIBUNGAN,BAGUER
REGION XII (SOCCSKSARGEN),COTABATO (NORTH COTABATO),LIBUNGAN,BARONGIS
REGION XII (SOCCSKSARGEN),COTABATO (NORTH COTABATO),LIBUNGAN,BATIOCAN
REGION XII (SOCCSKSARGEN),COTABATO (NORTH COTABATO),LIBUNGAN,CABARUYAN
REGION XII (SOCCSKSARGEN),COTABATO (NORTH COTABATO),LIBUNGAN,CABPANGI
REGION XII (SOCCSKSARGEN),COTABATO (NORTH COTABATO),LIBUNGAN,DEMAPACO
REGION XII (SOCCSKSARGEN),COTABATO (NORTH COTABATO),LIBUNGAN,GREBONA
REGION XII (SOCCSKSARGEN),COTABATO (NORTH COTABATO),LIBUNGAN,GUMAGA
REGION XII (SOCCSKSARGEN),COTABATO (NORTH COTABATO),LIBUNGAN,KAPAYAWI
REGION XII (SOCCSKSARGEN),COTABATO (NORTH COTABATO),LIBUNGAN,KILOYAO
REGION XII (SOCCSKSARGEN),COTABATO (NORTH COTABATO),LIBUNGAN,KITUBOD
REGION XII (SOCCSKSARGEN),COTABATO (NORTH COTABATO),LIBUNGAN,MALENGEN
REGION XII (SOCCSKSARGEN),COTABATO (NORTH COTABATO),LIBUNGAN,MONTAY
REGION XII (SOCCSKSARGEN),COTABATO (NORTH COTABATO),LIBUNGAN,NICA-AN
REGION XII (SOCCSKSARGEN),COTABATO (NORTH COTABATO),LIBUNGAN,PALAO
REGION XII (SOCCSKSARGEN),COTABATO (NORTH COTABATO),LIBUNGAN,POBLACION
REGION XII (SOCCSKSARGEN),COTABATO (NORTH COTABATO),LIBUNGAN,SINAPANGAN
REGION XII (SOCCSKSARGEN),COTABATO (NORTH COTABATO),LIBUNGAN,SINAWINGAN
REGION XII (SOCCSKSARGEN),COTABATO (NORTH COTABATO),LIBUNGAN,ULAMIAN
REGION XII (SOCCSKSARGEN),COTABATO (NORTH COTABATO),MAGPET,ALIBAYON
REGION XII (SOCCSKSARGEN),COTABATO (NORTH COTABATO),MAGPET,BAGUMBAYAN
REGION XII (SOCCSKSARGEN),COTABATO (NORTH COTABATO),MAGPET,BANGKAL
REGION XII (SOCCSKSARGEN),COTABATO (NORTH COTABATO),MAGPET,BANTAC
REGION XII (SOCCSKSARGEN),COTABATO (NORTH COTABATO),MAGPET,BASAK
REGION XII (SOCCSKSARGEN),COTABATO (NORTH COTABATO),MAGPET,BINAY
REGION XII (SOCCSKSARGEN),COTABATO (NORTH COTABATO),MAGPET,BONGOLANON
REGION XII (SOCCSKSARGEN),COTABATO (NORTH COTABATO),MAGPET,DATU CELO
REGION XII (SOCCSKSARGEN),COTABATO (NORTH COTABATO),MAGPET,DEL PILAR
REGION XII (SOCCSKSARGEN),COTABATO (NORTH COTABATO),MAGPET,DOLES
REGION XII (SOCCSKSARGEN),COTABATO (NORTH COTABATO),MAGPET,GUBATAN
REGION XII (SOCCSKSARGEN),COTABATO (NORTH COTABATO),MAGPET,ILIAN
REGION XII (SOCCSKSARGEN),COTABATO (NORTH COTABATO),MAGPET,INAC
REGION XII (SOCCSKSARGEN),COTABATO (NORTH COTABATO),MAGPET,KAMADA
REGION XII (SOCCSKSARGEN),COTABATO (NORTH COTABATO),MAGPET,KAUSWAGAN
REGION XII (SOCCSKSARGEN),COTABATO (NORTH COTABATO),MAGPET,KISANDAL
REGION XII (SOCCSKSARGEN),COTABATO (NORTH COTABATO),MAGPET,MAGCAALAM
REGION XII (SOCCSKSARGEN),COTABATO (NORTH COTABATO),MAGPET,MAHONGCOG
REGION XII (SOCCSKSARGEN),COTABATO (NORTH COTABATO),MAGPET,MANOBO
REGION XII (SOCCSKSARGEN),COTABATO (NORTH COTABATO),MAGPET,NOA
REGION XII (SOCCSKSARGEN),COTABATO (NORTH COTABATO),MAGPET,OWAS
REGION XII (SOCCSKSARGEN),COTABATO (NORTH COTABATO),MAGPET,PANGAO-AN
REGION XII (SOCCSKSARGEN),COTABATO (NORTH COTABATO),MAGPET,POBLACION
REGION XII (SOCCSKSARGEN),COTABATO (NORTH COTABATO),MAGPET,SALLAB
REGION XII (SOCCSKSARGEN),COTABATO (NORTH COTABATO),MAGPET,TAGBAC
REGION XII (SOCCSKSARGEN),COTABATO (NORTH COTABATO),MAGPET,TEMPORAN
REGION XII (SOCCSKSARGEN),COTABATO (NORTH COTABATO),MAGPET,AMABEL
REGION XII (SOCCSKSARGEN),COTABATO (NORTH COTABATO),MAGPET,BALETE
REGION XII (SOCCSKSARGEN),COTABATO (NORTH COTABATO),MAGPET,DON PANACA
REGION XII (SOCCSKSARGEN),COTABATO (NORTH COTABATO),MAGPET,IMAMALING
REGION XII (SOCCSKSARGEN),COTABATO (NORTH COTABATO),MAGPET,KINARUM
REGION XII (SOCCSKSARGEN),COTABATO (NORTH COTABATO),MAGPET,MANOBISA
REGION XII (SOCCSKSARGEN),COTABATO (NORTH COTABATO),MAKILALA,BATASAN
REGION XII (SOCCSKSARGEN),COTABATO (NORTH COTABATO),MAKILALA,BATO
REGION XII (SOCCSKSARGEN),COTABATO (NORTH COTABATO),MAKILALA,BIANGAN
REGION XII (SOCCSKSARGEN),COTABATO (NORTH COTABATO),MAKILALA,BUENA VIDA
REGION XII (SOCCSKSARGEN),COTABATO (NORTH COTABATO),MAKILALA,BUHAY
REGION XII (SOCCSKSARGEN),COTABATO (NORTH COTABATO),MAKILALA,BULAKANON
REGION XII (SOCCSKSARGEN),COTABATO (NORTH COTABATO),MAKILALA,CABILAO
REGION XII (SOCCSKSARGEN),COTABATO (NORTH COTABATO),MAKILALA,CONCEPCION
REGION XII (SOCCSKSARGEN),COTABATO (NORTH COTABATO),MAKILALA,DAGUPAN
REGION XII (SOCCSKSARGEN),COTABATO (NORTH COTABATO),MAKILALA,GARSIKA
REGION XII (SOCCSKSARGEN),COTABATO (NORTH COTABATO),MAKILALA,GUANGAN
REGION XII (SOCCSKSARGEN),COTABATO (NORTH COTABATO),MAKILALA,INDANGAN
REGION XII (SOCCSKSARGEN),COTABATO (NORTH COTABATO),MAKILALA,JOSE RIZAL
REGION XII (SOCCSKSARGEN),COTABATO (NORTH COTABATO),MAKILALA,KATIPUNAN II
REGION XII (SOCCSKSARGEN),COTABATO (NORTH COTABATO),MAKILALA,KAWAYANON
REGION XII (SOCCSKSARGEN),COTABATO (NORTH COTABATO),MAKILALA,KISANTE
REGION XII (SOCCSKSARGEN),COTABATO (NORTH COTABATO),MAKILALA,LEBOCE
REGION XII (SOCCSKSARGEN),COTABATO (NORTH COTABATO),MAKILALA,LIBERTAD
REGION XII (SOCCSKSARGEN),COTABATO (NORTH COTABATO),MAKILALA,LUAYON
REGION XII (SOCCSKSARGEN),COTABATO (NORTH COTABATO),MAKILALA,LUNA NORTE
REGION XII (SOCCSKSARGEN),COTABATO (NORTH COTABATO),MAKILALA,LUNA SUR
REGION XII (SOCCSKSARGEN),COTABATO (NORTH COTABATO),MAKILALA,MALABUAN
REGION XII (SOCCSKSARGEN),COTABATO (NORTH COTABATO),MAKILALA,MALASILA
REGION XII (SOCCSKSARGEN),COTABATO (NORTH COTABATO),MAKILALA,MALUNGON
REGION XII (SOCCSKSARGEN),COTABATO (NORTH COTABATO),MAKILALA,NEW BAGUIO
REGION XII (SOCCSKSARGEN),COTABATO (NORTH COTABATO),MAKILALA,NEW BULATUKAN
REGION XII (SOCCSKSARGEN),COTABATO (NORTH COTABATO),MAKILALA,NEW CEBU
REGION XII (SOCCSKSARGEN),COTABATO (NORTH COTABATO),MAKILALA,OLD BULATUKAN
REGION XII (SOCCSKSARGEN),COTABATO (NORTH COTABATO),MAKILALA,POBLACION
REGION XII (SOCCSKSARGEN),COTABATO (NORTH COTABATO),MAKILALA,RODERO
REGION XII (SOCCSKSARGEN),COTABATO (NORTH COTABATO),MAKILALA,SAGUING
REGION XII (SOCCSKSARGEN),COTABATO (NORTH COTABATO),MAKILALA,SAN VICENTE
REGION XII (SOCCSKSARGEN),COTABATO (NORTH COTABATO),MAKILALA,SANTA FELOMINA
REGION XII (SOCCSKSARGEN),COTABATO (NORTH COTABATO),MAKILALA,SANTO NIÑO
REGION XII (SOCCSKSARGEN),COTABATO (NORTH COTABATO),MAKILALA,SINKATULAN
REGION XII (SOCCSKSARGEN),COTABATO (NORTH COTABATO),MAKILALA,TALUNTALUNAN
REGION XII (SOCCSKSARGEN),COTABATO (NORTH COTABATO),MAKILALA,VILLAFLORES
REGION XII (SOCCSKSARGEN),COTABATO (NORTH COTABATO),MAKILALA,NEW ISRAEL
REGION XII (SOCCSKSARGEN),COTABATO (NORTH COTABATO),MATALAM,NEW ALIMODIAN
REGION XII (SOCCSKSARGEN),COTABATO (NORTH COTABATO),MATALAM,ARAKAN
REGION XII (SOCCSKSARGEN),COTABATO (NORTH COTABATO),MATALAM,BANGBANG
REGION XII (SOCCSKSARGEN),COTABATO (NORTH COTABATO),MATALAM,BATO
REGION XII (SOCCSKSARGEN),COTABATO (NORTH COTABATO),MATALAM,CENTRAL MALAMOTE
REGION XII (SOCCSKSARGEN),COTABATO (NORTH COTABATO),MATALAM,DALAPITAN
REGION XII (SOCCSKSARGEN),COTABATO (NORTH COTABATO),MATALAM,ESTADO
REGION XII (SOCCSKSARGEN),COTABATO (NORTH COTABATO),MATALAM,ILIAN
REGION XII (SOCCSKSARGEN),COTABATO (NORTH COTABATO),MATALAM,KABULACAN
REGION XII (SOCCSKSARGEN),COTABATO (NORTH COTABATO),MATALAM,KIBIA
REGION XII (SOCCSKSARGEN),COTABATO (NORTH COTABATO),MATALAM,KIBUDOC
REGION XII (SOCCSKSARGEN),COTABATO (NORTH COTABATO),MATALAM,KIDAMA
REGION XII (SOCCSKSARGEN),COTABATO (NORTH COTABATO),MATALAM,KILADA
REGION XII (SOCCSKSARGEN),COTABATO (NORTH COTABATO),MATALAM,LAMPAYAN
REGION XII (SOCCSKSARGEN),COTABATO (NORTH COTABATO),MATALAM,LATAGAN
REGION XII (SOCCSKSARGEN),COTABATO (NORTH COTABATO),MATALAM,LINAO
REGION XII (SOCCSKSARGEN),COTABATO (NORTH COTABATO),MATALAM,LOWER MALAMOTE
REGION XII (SOCCSKSARGEN),COTABATO (NORTH COTABATO),MATALAM,MANUBUAN
REGION XII (SOCCSKSARGEN),COTABATO (NORTH COTABATO),MATALAM,MANUPAL
REGION XII (SOCCSKSARGEN),COTABATO (NORTH COTABATO),MATALAM,MARBEL
REGION XII (SOCCSKSARGEN),COTABATO (NORTH COTABATO),MATALAM,MINAMAING
REGION XII (SOCCSKSARGEN),COTABATO (NORTH COTABATO),MATALAM,NATUTUNGAN
REGION XII (SOCCSKSARGEN),COTABATO (NORTH COTABATO),MATALAM,NEW BUGASONG
REGION XII (SOCCSKSARGEN),COTABATO (NORTH COTABATO),MATALAM,NEW PANDAN
REGION XII (SOCCSKSARGEN),COTABATO (NORTH COTABATO),MATALAM,PATADON WEST
REGION XII (SOCCSKSARGEN),COTABATO (NORTH COTABATO),MATALAM,POBLACION
REGION XII (SOCCSKSARGEN),COTABATO (NORTH COTABATO),MATALAM,SALVACION
REGION XII (SOCCSKSARGEN),COTABATO (NORTH COTABATO),MATALAM,SANTA MARIA
REGION XII (SOCCSKSARGEN),COTABATO (NORTH COTABATO),MATALAM,SARAYAN
REGION XII (SOCCSKSARGEN),COTABATO (NORTH COTABATO),MATALAM,TACULEN
REGION XII (SOCCSKSARGEN),COTABATO (NORTH COTABATO),MATALAM,TAGURANAO
REGION XII (SOCCSKSARGEN),COTABATO (NORTH COTABATO),MATALAM,TAMPED (TAMPAD)
REGION XII (SOCCSKSARGEN),COTABATO (NORTH COTABATO),MATALAM,NEW ABRA
REGION XII (SOCCSKSARGEN),COTABATO (NORTH COTABATO),MATALAM,PINAMATON
REGION XII (SOCCSKSARGEN),COTABATO (NORTH COTABATO),MIDSAYAP,AGRICULTURE
REGION XII (SOCCSKSARGEN),COTABATO (NORTH COTABATO),MIDSAYAP,ANONANG
REGION XII (SOCCSKSARGEN),COTABATO (NORTH COTABATO),MIDSAYAP,ARIZONA
REGION XII (SOCCSKSARGEN),COTABATO (NORTH COTABATO),MIDSAYAP,BAGUMBA
REGION XII (SOCCSKSARGEN),COTABATO (NORTH COTABATO),MIDSAYAP,BALIKI
REGION XII (SOCCSKSARGEN),COTABATO (NORTH COTABATO),MIDSAYAP,BITOKA
REGION XII (SOCCSKSARGEN),COTABATO (NORTH COTABATO),MIDSAYAP,BUAL NORTE
REGION XII (SOCCSKSARGEN),COTABATO (NORTH COTABATO),MIDSAYAP,BUAL SUR
REGION XII (SOCCSKSARGEN),COTABATO (NORTH COTABATO),MIDSAYAP,CENTRAL BULANAN
REGION XII (SOCCSKSARGEN),COTABATO (NORTH COTABATO),MIDSAYAP,DAMATULAN
REGION XII (SOCCSKSARGEN),COTABATO (NORTH COTABATO),MIDSAYAP,CENTRAL GLAD
REGION XII (SOCCSKSARGEN),COTABATO (NORTH COTABATO),MIDSAYAP,ILBOCEAN
REGION XII (SOCCSKSARGEN),COTABATO (NORTH COTABATO),MIDSAYAP,KADIGASAN
REGION XII (SOCCSKSARGEN),COTABATO (NORTH COTABATO),MIDSAYAP,KADINGILAN
REGION XII (SOCCSKSARGEN),COTABATO (NORTH COTABATO),MIDSAYAP,KAPINPILAN
REGION XII (SOCCSKSARGEN),COTABATO (NORTH COTABATO),MIDSAYAP,CENTRAL KATINGAWAN
REGION XII (SOCCSKSARGEN),COTABATO (NORTH COTABATO),MIDSAYAP,KIMAGANGO
REGION XII (SOCCSKSARGEN),COTABATO (NORTH COTABATO),MIDSAYAP,KUDARANGAN
REGION XII (SOCCSKSARGEN),COTABATO (NORTH COTABATO),MIDSAYAP,CENTRAL LABAS
REGION XII (SOCCSKSARGEN),COTABATO (NORTH COTABATO),MIDSAYAP,LAGUMBINGAN
REGION XII (SOCCSKSARGEN),COTABATO (NORTH COTABATO),MIDSAYAP,LOMOPOG
REGION XII (SOCCSKSARGEN),COTABATO (NORTH COTABATO),MIDSAYAP,LOWER GLAD
REGION XII (SOCCSKSARGEN),COTABATO (NORTH COTABATO),MIDSAYAP,LOWER KATINGAWAN
REGION XII (SOCCSKSARGEN),COTABATO (NORTH COTABATO),MIDSAYAP,MACASENDEG
REGION XII (SOCCSKSARGEN),COTABATO (NORTH COTABATO),MIDSAYAP,MALAMOTE
REGION XII (SOCCSKSARGEN),COTABATO (NORTH COTABATO),MIDSAYAP,MALINGAO
REGION XII (SOCCSKSARGEN),COTABATO (NORTH COTABATO),MIDSAYAP,MILAYA
REGION XII (SOCCSKSARGEN),COTABATO (NORTH COTABATO),MIDSAYAP,MUDSENG
REGION XII (SOCCSKSARGEN),COTABATO (NORTH COTABATO),MIDSAYAP,NABALAWAG
REGION XII (SOCCSKSARGEN),COTABATO (NORTH COTABATO),MIDSAYAP,NALIN
REGION XII (SOCCSKSARGEN),COTABATO (NORTH COTABATO),MIDSAYAP,NES
REGION XII (SOCCSKSARGEN),COTABATO (NORTH COTABATO),MIDSAYAP,OLANDANG
REGION XII (SOCCSKSARGEN),COTABATO (NORTH COTABATO),MIDSAYAP,PATINDEGUEN
REGION XII (SOCCSKSARGEN),COTABATO (NORTH COTABATO),MIDSAYAP,BARANGAY POBLACION 1
REGION XII (SOCCSKSARGEN),COTABATO (NORTH COTABATO),MIDSAYAP,BARANGAY POBLACION 2
REGION XII (SOCCSKSARGEN),COTABATO (NORTH COTABATO),MIDSAYAP,BARANGAY POBLACION 3
REGION XII (SOCCSKSARGEN),COTABATO (NORTH COTABATO),MIDSAYAP,BARANGAY POBLACION 4
REGION XII (SOCCSKSARGEN),COTABATO (NORTH COTABATO),MIDSAYAP,BARANGAY POBLACION 5
REGION XII (SOCCSKSARGEN),COTABATO (NORTH COTABATO),MIDSAYAP,BARANGAY POBLACION 6
REGION XII (SOCCSKSARGEN),COTABATO (NORTH COTABATO),MIDSAYAP,BARANGAY POBLACION 7
REGION XII (SOCCSKSARGEN),COTABATO (NORTH COTABATO),MIDSAYAP,BARANGAY POBLACION 8
REGION XII (SOCCSKSARGEN),COTABATO (NORTH COTABATO),MIDSAYAP,PALONGOGUEN
REGION XII (SOCCSKSARGEN),COTABATO (NORTH COTABATO),MIDSAYAP,RANGABAN
REGION XII (SOCCSKSARGEN),COTABATO (NORTH COTABATO),MIDSAYAP,SADAAN
REGION XII (SOCCSKSARGEN),COTABATO (NORTH COTABATO),MIDSAYAP,SALUNAYAN
REGION XII (SOCCSKSARGEN),COTABATO (NORTH COTABATO),MIDSAYAP,SAMBULAWAN
REGION XII (SOCCSKSARGEN),COTABATO (NORTH COTABATO),MIDSAYAP,SAN ISIDRO
REGION XII (SOCCSKSARGEN),COTABATO (NORTH COTABATO),MIDSAYAP,SANTA CRUZ
REGION XII (SOCCSKSARGEN),COTABATO (NORTH COTABATO),MIDSAYAP,TUGAL
REGION XII (SOCCSKSARGEN),COTABATO (NORTH COTABATO),MIDSAYAP,TUMBRAS
REGION XII (SOCCSKSARGEN),COTABATO (NORTH COTABATO),MIDSAYAP,BULANAN UPPER
REGION XII (SOCCSKSARGEN),COTABATO (NORTH COTABATO),MIDSAYAP,UPPER GLAD I
REGION XII (SOCCSKSARGEN),COTABATO (NORTH COTABATO),MIDSAYAP,UPPER GLAD II
REGION XII (SOCCSKSARGEN),COTABATO (NORTH COTABATO),MIDSAYAP,UPPER LABAS
REGION XII (SOCCSKSARGEN),COTABATO (NORTH COTABATO),MIDSAYAP,VILLARICA
REGION XII (SOCCSKSARGEN),COTABATO (NORTH COTABATO),MIDSAYAP,KIWANAN
REGION XII (SOCCSKSARGEN),COTABATO (NORTH COTABATO),MIDSAYAP,SAN PEDRO
REGION XII (SOCCSKSARGEN),COTABATO (NORTH COTABATO),M'LANG,BAGONTAPAY
REGION XII (SOCCSKSARGEN),COTABATO (NORTH COTABATO),M'LANG,BIALONG
REGION XII (SOCCSKSARGEN),COTABATO (NORTH COTABATO),M'LANG,BUAYAN
REGION XII (SOCCSKSARGEN),COTABATO (NORTH COTABATO),M'LANG,CALUNASAN
REGION XII (SOCCSKSARGEN),COTABATO (NORTH COTABATO),M'LANG,DALIPE
REGION XII (SOCCSKSARGEN),COTABATO (NORTH COTABATO),M'LANG,DAGONG
REGION XII (SOCCSKSARGEN),COTABATO (NORTH COTABATO),M'LANG,DUNGO-AN
REGION XII (SOCCSKSARGEN),COTABATO (NORTH COTABATO),M'LANG,GAUNAN
REGION XII (SOCCSKSARGEN),COTABATO (NORTH COTABATO),M'LANG,INAS
REGION XII (SOCCSKSARGEN),COTABATO (NORTH COTABATO),M'LANG,KATIPUNAN
REGION XII (SOCCSKSARGEN),COTABATO (NORTH COTABATO),M'LANG,LA FORTUNA
REGION XII (SOCCSKSARGEN),COTABATO (NORTH COTABATO),M'LANG,LA SUERTE
REGION XII (SOCCSKSARGEN),COTABATO (NORTH COTABATO),M'LANG,LANGKONG
REGION XII (SOCCSKSARGEN),COTABATO (NORTH COTABATO),M'LANG,LEPAGA
REGION XII (SOCCSKSARGEN),COTABATO (NORTH COTABATO),M'LANG,LIBOO
REGION XII (SOCCSKSARGEN),COTABATO (NORTH COTABATO),M'LANG,LIKA
REGION XII (SOCCSKSARGEN),COTABATO (NORTH COTABATO),M'LANG,LUZ VILLAGE
REGION XII (SOCCSKSARGEN),COTABATO (NORTH COTABATO),M'LANG,MAGALLON
REGION XII (SOCCSKSARGEN),COTABATO (NORTH COTABATO),M'LANG,MALAYAN
REGION XII (SOCCSKSARGEN),COTABATO (NORTH COTABATO),M'LANG,NEW ANTIQUE
REGION XII (SOCCSKSARGEN),COTABATO (NORTH COTABATO),M'LANG,NEW BARBAZA
REGION XII (SOCCSKSARGEN),COTABATO (NORTH COTABATO),M'LANG,NEW KALIBO
REGION XII (SOCCSKSARGEN),COTABATO (NORTH COTABATO),M'LANG,NEW CONSOLACION
REGION XII (SOCCSKSARGEN),COTABATO (NORTH COTABATO),M'LANG,NEW ESPERANZA
REGION XII (SOCCSKSARGEN),COTABATO (NORTH COTABATO),M'LANG,NEW JANIUAY
REGION XII (SOCCSKSARGEN),COTABATO (NORTH COTABATO),M'LANG,NEW LAWA-AN
REGION XII (SOCCSKSARGEN),COTABATO (NORTH COTABATO),M'LANG,NEW RIZAL
REGION XII (SOCCSKSARGEN),COTABATO (NORTH COTABATO),M'LANG,NUEVA VIDA
REGION XII (SOCCSKSARGEN),COTABATO (NORTH COTABATO),M'LANG,PAG-ASA
REGION XII (SOCCSKSARGEN),COTABATO (NORTH COTABATO),M'LANG,POBLACION
REGION XII (SOCCSKSARGEN),COTABATO (NORTH COTABATO),M'LANG,PULANG-LUPA
REGION XII (SOCCSKSARGEN),COTABATO (NORTH COTABATO),M'LANG,SANGAT
REGION XII (SOCCSKSARGEN),COTABATO (NORTH COTABATO),M'LANG,TAWANTAWAN
REGION XII (SOCCSKSARGEN),COTABATO (NORTH COTABATO),M'LANG,TIBAO
REGION XII (SOCCSKSARGEN),COTABATO (NORTH COTABATO),M'LANG,UGPAY
REGION XII (SOCCSKSARGEN),COTABATO (NORTH COTABATO),M'LANG,PALMA-PEREZ
REGION XII (SOCCSKSARGEN),COTABATO (NORTH COTABATO),M'LANG,POBLACION B
REGION XII (SOCCSKSARGEN),COTABATO (NORTH COTABATO),PIGKAWAYAN,ANICK (UPPER BALOGO)
REGION XII (SOCCSKSARGEN),COTABATO (NORTH COTABATO),PIGKAWAYAN,UPPER BAGUER (BAGUER)
REGION XII (SOCCSKSARGEN),COTABATO (NORTH COTABATO),PIGKAWAYAN,BALACAYON
REGION XII (SOCCSKSARGEN),COTABATO (NORTH COTABATO),PIGKAWAYAN,BALOGO
REGION XII (SOCCSKSARGEN),COTABATO (NORTH COTABATO),PIGKAWAYAN,BANUCAGON
REGION XII (SOCCSKSARGEN),COTABATO (NORTH COTABATO),PIGKAWAYAN,BULUCAON
REGION XII (SOCCSKSARGEN),COTABATO (NORTH COTABATO),PIGKAWAYAN,BULUAN
REGION XII (SOCCSKSARGEN),COTABATO (NORTH COTABATO),PIGKAWAYAN,BURICAIN
REGION XII (SOCCSKSARGEN),COTABATO (NORTH COTABATO),PIGKAWAYAN,CAPAYURAN
REGION XII (SOCCSKSARGEN),COTABATO (NORTH COTABATO),PIGKAWAYAN,CENTRAL PANATAN
REGION XII (SOCCSKSARGEN),COTABATO (NORTH COTABATO),PIGKAWAYAN,DATU BINASING
REGION XII (SOCCSKSARGEN),COTABATO (NORTH COTABATO),PIGKAWAYAN,DATU MANTIL
REGION XII (SOCCSKSARGEN),COTABATO (NORTH COTABATO),PIGKAWAYAN,KADINGILAN
REGION XII (SOCCSKSARGEN),COTABATO (NORTH COTABATO),PIGKAWAYAN,KIMARAYANG
REGION XII (SOCCSKSARGEN),COTABATO (NORTH COTABATO),PIGKAWAYAN,LIBUNGAN TORRETA
REGION XII (SOCCSKSARGEN),COTABATO (NORTH COTABATO),PIGKAWAYAN,LOWER BAGUER
REGION XII (SOCCSKSARGEN),COTABATO (NORTH COTABATO),PIGKAWAYAN,LOWER PANGANGKALAN
REGION XII (SOCCSKSARGEN),COTABATO (NORTH COTABATO),PIGKAWAYAN,MALAGAKIT
REGION XII (SOCCSKSARGEN),COTABATO (NORTH COTABATO),PIGKAWAYAN,MALUAO
REGION XII (SOCCSKSARGEN),COTABATO (NORTH COTABATO),PIGKAWAYAN,NORTH MANUANGAN
REGION XII (SOCCSKSARGEN),COTABATO (NORTH COTABATO),PIGKAWAYAN,MATILAC
REGION XII (SOCCSKSARGEN),COTABATO (NORTH COTABATO),PIGKAWAYAN,MIDPAPAN I
REGION XII (SOCCSKSARGEN),COTABATO (NORTH COTABATO),PIGKAWAYAN,MULOK
REGION XII (SOCCSKSARGEN),COTABATO (NORTH COTABATO),PIGKAWAYAN,NEW CULASI
REGION XII (SOCCSKSARGEN),COTABATO (NORTH COTABATO),PIGKAWAYAN,NEW IGBARAS
REGION XII (SOCCSKSARGEN),COTABATO (NORTH COTABATO),PIGKAWAYAN,NEW PANAY
REGION XII (SOCCSKSARGEN),COTABATO (NORTH COTABATO),PIGKAWAYAN,UPPER PANGANGKALAN
REGION XII (SOCCSKSARGEN),COTABATO (NORTH COTABATO),PIGKAWAYAN,PATOT
REGION XII (SOCCSKSARGEN),COTABATO (NORTH COTABATO),PIGKAWAYAN,PAYONG-PAYONG
REGION XII (SOCCSKSARGEN),COTABATO (NORTH COTABATO),PIGKAWAYAN,POBLACION I
REGION XII (SOCCSKSARGEN),COTABATO (NORTH COTABATO),PIGKAWAYAN,POBLACION II
REGION XII (SOCCSKSARGEN),COTABATO (NORTH COTABATO),PIGKAWAYAN,POBLACION III
REGION XII (SOCCSKSARGEN),COTABATO (NORTH COTABATO),PIGKAWAYAN,PRESBITERO
REGION XII (SOCCSKSARGEN),COTABATO (NORTH COTABATO),PIGKAWAYAN,RENIBON
REGION XII (SOCCSKSARGEN),COTABATO (NORTH COTABATO),PIGKAWAYAN,SIMSIMAN
REGION XII (SOCCSKSARGEN),COTABATO (NORTH COTABATO),PIGKAWAYAN,SOUTH MANUANGAN
REGION XII (SOCCSKSARGEN),COTABATO (NORTH COTABATO),PIGKAWAYAN,TIGBAWAN
REGION XII (SOCCSKSARGEN),COTABATO (NORTH COTABATO),PIGKAWAYAN,TUBON
REGION XII (SOCCSKSARGEN),COTABATO (NORTH COTABATO),PIGKAWAYAN,MIDPAPAN II
REGION XII (SOCCSKSARGEN),COTABATO (NORTH COTABATO),PIGKAWAYAN,CABPANGI
REGION XII (SOCCSKSARGEN),COTABATO (NORTH COTABATO),PIKIT,BAGOAINGUD (BAGOINGED)
REGION XII (SOCCSKSARGEN),COTABATO (NORTH COTABATO),PIKIT,BALABAK
REGION XII (SOCCSKSARGEN),COTABATO (NORTH COTABATO),PIKIT,BALATICAN
REGION XII (SOCCSKSARGEN),COTABATO (NORTH COTABATO),PIKIT,BALONG
REGION XII (SOCCSKSARGEN),COTABATO (NORTH COTABATO),PIKIT,BALUNGIS
REGION XII (SOCCSKSARGEN),COTABATO (NORTH COTABATO),PIKIT,BARUNGIS
REGION XII (SOCCSKSARGEN),COTABATO (NORTH COTABATO),PIKIT,BATULAWAN
REGION XII (SOCCSKSARGEN),COTABATO (NORTH COTABATO),PIKIT,BUALAN
REGION XII (SOCCSKSARGEN),COTABATO (NORTH COTABATO),PIKIT,BULIOK
REGION XII (SOCCSKSARGEN),COTABATO (NORTH COTABATO),PIKIT,BULOD
REGION XII (SOCCSKSARGEN),COTABATO (NORTH COTABATO),PIKIT,BULOL
REGION XII (SOCCSKSARGEN),COTABATO (NORTH COTABATO),PIKIT,CALAWAG
REGION XII (SOCCSKSARGEN),COTABATO (NORTH COTABATO),PIKIT,DALINGAOEN (LALINGAON)
REGION XII (SOCCSKSARGEN),COTABATO (NORTH COTABATO),PIKIT,DAMALASAK
REGION XII (SOCCSKSARGEN),COTABATO (NORTH COTABATO),PIKIT,FORT PIKIT
REGION XII (SOCCSKSARGEN),COTABATO (NORTH COTABATO),PIKIT,GINATILAN
REGION XII (SOCCSKSARGEN),COTABATO (NORTH COTABATO),PIKIT,GLIGLI
REGION XII (SOCCSKSARGEN),COTABATO (NORTH COTABATO),PIKIT,GOKOTON (GOKOTAN)
REGION XII (SOCCSKSARGEN),COTABATO (NORTH COTABATO),PIKIT,INUG-UG
REGION XII (SOCCSKSARGEN),COTABATO (NORTH COTABATO),PIKIT,KABASALAN
REGION XII (SOCCSKSARGEN),COTABATO (NORTH COTABATO),PIKIT,KALACACAN
REGION XII (SOCCSKSARGEN),COTABATO (NORTH COTABATO),PIKIT,KATILACAN
REGION XII (SOCCSKSARGEN),COTABATO (NORTH COTABATO),PIKIT,KOLAMBOG
REGION XII (SOCCSKSARGEN),COTABATO (NORTH COTABATO),PIKIT,LADTINGAN
REGION XII (SOCCSKSARGEN),COTABATO (NORTH COTABATO),PIKIT,LAGUNDE
REGION XII (SOCCSKSARGEN),COTABATO (NORTH COTABATO),PIKIT,LANGAYEN
REGION XII (SOCCSKSARGEN),COTABATO (NORTH COTABATO),PIKIT,MACABUAL
REGION XII (SOCCSKSARGEN),COTABATO (NORTH COTABATO),PIKIT,MACASENDEG
REGION XII (SOCCSKSARGEN),COTABATO (NORTH COTABATO),PIKIT,MANAULANAN
REGION XII (SOCCSKSARGEN),COTABATO (NORTH COTABATO),PIKIT,NABUNDAS
REGION XII (SOCCSKSARGEN),COTABATO (NORTH COTABATO),PIKIT,NALAPAAN
REGION XII (SOCCSKSARGEN),COTABATO (NORTH COTABATO),PIKIT,NUNGUAN
REGION XII (SOCCSKSARGEN),COTABATO (NORTH COTABATO),PIKIT,PAIDU PULANGI
REGION XII (SOCCSKSARGEN),COTABATO (NORTH COTABATO),PIKIT,PANICUPAN
REGION XII (SOCCSKSARGEN),COTABATO (NORTH COTABATO),PIKIT,POBLACION
REGION XII (SOCCSKSARGEN),COTABATO (NORTH COTABATO),PIKIT,PUNOL
REGION XII (SOCCSKSARGEN),COTABATO (NORTH COTABATO),PIKIT,RAJAH MUDA
REGION XII (SOCCSKSARGEN),COTABATO (NORTH COTABATO),PIKIT,SILIK
REGION XII (SOCCSKSARGEN),COTABATO (NORTH COTABATO),PIKIT,TAKIPAN
REGION XII (SOCCSKSARGEN),COTABATO (NORTH COTABATO),PIKIT,TALITAY
REGION XII (SOCCSKSARGEN),COTABATO (NORTH COTABATO),PIKIT,TINUTULAN
REGION XII (SOCCSKSARGEN),COTABATO (NORTH COTABATO),PIKIT,PAMALIAN
REGION XII (SOCCSKSARGEN),COTABATO (NORTH COTABATO),PRESIDENT ROXAS,ALEGRIA
REGION XII (SOCCSKSARGEN),COTABATO (NORTH COTABATO),PRESIDENT ROXAS,BATO-BATO
REGION XII (SOCCSKSARGEN),COTABATO (NORTH COTABATO),PRESIDENT ROXAS,DEL CARMEN
REGION XII (SOCCSKSARGEN),COTABATO (NORTH COTABATO),PRESIDENT ROXAS,F. CAJELO (NEW MAASIN)
REGION XII (SOCCSKSARGEN),COTABATO (NORTH COTABATO),PRESIDENT ROXAS,IDAOMAN
REGION XII (SOCCSKSARGEN),COTABATO (NORTH COTABATO),PRESIDENT ROXAS,ILUSTRE
REGION XII (SOCCSKSARGEN),COTABATO (NORTH COTABATO),PRESIDENT ROXAS,KAMARAHAN
REGION XII (SOCCSKSARGEN),COTABATO (NORTH COTABATO),PRESIDENT ROXAS,CAMASI
REGION XII (SOCCSKSARGEN),COTABATO (NORTH COTABATO),PRESIDENT ROXAS,KISUPAAN
REGION XII (SOCCSKSARGEN),COTABATO (NORTH COTABATO),PRESIDENT ROXAS,LA ESPERANZA
REGION XII (SOCCSKSARGEN),COTABATO (NORTH COTABATO),PRESIDENT ROXAS,LABU-O
REGION XII (SOCCSKSARGEN),COTABATO (NORTH COTABATO),PRESIDENT ROXAS,LAMALAMA
REGION XII (SOCCSKSARGEN),COTABATO (NORTH COTABATO),PRESIDENT ROXAS,LOMONAY
REGION XII (SOCCSKSARGEN),COTABATO (NORTH COTABATO),PRESIDENT ROXAS,NEW CEBU
REGION XII (SOCCSKSARGEN),COTABATO (NORTH COTABATO),PRESIDENT ROXAS,POBLACION
REGION XII (SOCCSKSARGEN),COTABATO (NORTH COTABATO),PRESIDENT ROXAS,SAGCUNGAN
REGION XII (SOCCSKSARGEN),COTABATO (NORTH COTABATO),PRESIDENT ROXAS,SALAT
REGION XII (SOCCSKSARGEN),COTABATO (NORTH COTABATO),PRESIDENT ROXAS,SARAYAN
REGION XII (SOCCSKSARGEN),COTABATO (NORTH COTABATO),PRESIDENT ROXAS,TUAEL
REGION XII (SOCCSKSARGEN),COTABATO (NORTH COTABATO),PRESIDENT ROXAS,GREENHILL
REGION XII (SOCCSKSARGEN),COTABATO (NORTH COTABATO),PRESIDENT ROXAS,CABANGBANGAN
REGION XII (SOCCSKSARGEN),COTABATO (NORTH COTABATO),PRESIDENT ROXAS,DATU INDANG
REGION XII (SOCCSKSARGEN),COTABATO (NORTH COTABATO),PRESIDENT ROXAS,DATU SANDONGAN
REGION XII (SOCCSKSARGEN),COTABATO (NORTH COTABATO),PRESIDENT ROXAS,KIMARUHING
REGION XII (SOCCSKSARGEN),COTABATO (NORTH COTABATO),PRESIDENT ROXAS,MABUHAY
REGION XII (SOCCSKSARGEN),COTABATO (NORTH COTABATO),TULUNAN,BAGUMBAYAN
REGION XII (SOCCSKSARGEN),COTABATO (NORTH COTABATO),TULUNAN,BANAYAL
REGION XII (SOCCSKSARGEN),COTABATO (NORTH COTABATO),TULUNAN,BATANG
REGION XII (SOCCSKSARGEN),COTABATO (NORTH COTABATO),TULUNAN,BITUAN
REGION XII (SOCCSKSARGEN),COTABATO (NORTH COTABATO),TULUNAN,BUAL
REGION XII (SOCCSKSARGEN),COTABATO (NORTH COTABATO),TULUNAN,DAIG
REGION XII (SOCCSKSARGEN),COTABATO (NORTH COTABATO),TULUNAN,DAMAWATO
REGION XII (SOCCSKSARGEN),COTABATO (NORTH COTABATO),TULUNAN,DUNGOS
REGION XII (SOCCSKSARGEN),COTABATO (NORTH COTABATO),TULUNAN,KANIBONG
REGION XII (SOCCSKSARGEN),COTABATO (NORTH COTABATO),TULUNAN,LA ESPERANZA
REGION XII (SOCCSKSARGEN),COTABATO (NORTH COTABATO),TULUNAN,LAMPAGANG
REGION XII (SOCCSKSARGEN),COTABATO (NORTH COTABATO),TULUNAN,BUNAWAN
REGION XII (SOCCSKSARGEN),COTABATO (NORTH COTABATO),TULUNAN,MAGBOK
REGION XII (SOCCSKSARGEN),COTABATO (NORTH COTABATO),TULUNAN,MAYBULA
REGION XII (SOCCSKSARGEN),COTABATO (NORTH COTABATO),TULUNAN,MINAPAN
REGION XII (SOCCSKSARGEN),COTABATO (NORTH COTABATO),TULUNAN,NEW CARIDAD
REGION XII (SOCCSKSARGEN),COTABATO (NORTH COTABATO),TULUNAN,NEW CULASI
REGION XII (SOCCSKSARGEN),COTABATO (NORTH COTABATO),TULUNAN,NEW PANAY
REGION XII (SOCCSKSARGEN),COTABATO (NORTH COTABATO),TULUNAN,PARAISO
REGION XII (SOCCSKSARGEN),COTABATO (NORTH COTABATO),TULUNAN,POBLACION
REGION XII (SOCCSKSARGEN),COTABATO (NORTH COTABATO),TULUNAN,POPOYON
REGION XII (SOCCSKSARGEN),COTABATO (NORTH COTABATO),TULUNAN,SIBSIB
REGION XII (SOCCSKSARGEN),COTABATO (NORTH COTABATO),TULUNAN,TAMBAC
REGION XII (SOCCSKSARGEN),COTABATO (NORTH COTABATO),TULUNAN,TUBURAN
REGION XII (SOCCSKSARGEN),COTABATO (NORTH COTABATO),TULUNAN,F. CAJELO
REGION XII (SOCCSKSARGEN),COTABATO (NORTH COTABATO),TULUNAN,BACONG
REGION XII (SOCCSKSARGEN),COTABATO (NORTH COTABATO),TULUNAN,GALIDAN
REGION XII (SOCCSKSARGEN),COTABATO (NORTH COTABATO),TULUNAN,GENOVEVA BAYNOSA
REGION XII (SOCCSKSARGEN),COTABATO (NORTH COTABATO),TULUNAN,NABUNDASAN
REGION XII (SOCCSKSARGEN),COTABATO (NORTH COTABATO),ANTIPAS,CAMUTAN
REGION XII (SOCCSKSARGEN),COTABATO (NORTH COTABATO),ANTIPAS,CANAAN
REGION XII (SOCCSKSARGEN),COTABATO (NORTH COTABATO),ANTIPAS,DOLORES
REGION XII (SOCCSKSARGEN),COTABATO (NORTH COTABATO),ANTIPAS,KIYAAB
REGION XII (SOCCSKSARGEN),COTABATO (NORTH COTABATO),ANTIPAS,LUHONG
REGION XII (SOCCSKSARGEN),COTABATO (NORTH COTABATO),ANTIPAS,MAGSAYSAY
REGION XII (SOCCSKSARGEN),COTABATO (NORTH COTABATO),ANTIPAS,MALANGAG
REGION XII (SOCCSKSARGEN),COTABATO (NORTH COTABATO),ANTIPAS,MALATAD
REGION XII (SOCCSKSARGEN),COTABATO (NORTH COTABATO),ANTIPAS,MALIRE
REGION XII (SOCCSKSARGEN),COTABATO (NORTH COTABATO),ANTIPAS,NEW PONTEVEDRA
REGION XII (SOCCSKSARGEN),COTABATO (NORTH COTABATO),ANTIPAS,POBLACION
REGION XII (SOCCSKSARGEN),COTABATO (NORTH COTABATO),ANTIPAS,B. CADUNGON
REGION XII (SOCCSKSARGEN),COTABATO (NORTH COTABATO),ANTIPAS,DATU AGOD
REGION XII (SOCCSKSARGEN),COTABATO (NORTH COTABATO),BANISILAN,BANISILAN POBLACION
REGION XII (SOCCSKSARGEN),COTABATO (NORTH COTABATO),BANISILAN,BUSAON
REGION XII (SOCCSKSARGEN),COTABATO (NORTH COTABATO),BANISILAN,CAPAYANGAN
REGION XII (SOCCSKSARGEN),COTABATO (NORTH COTABATO),BANISILAN,CARUGMANAN
REGION XII (SOCCSKSARGEN),COTABATO (NORTH COTABATO),BANISILAN,GASTAY
REGION XII (SOCCSKSARGEN),COTABATO (NORTH COTABATO),BANISILAN,KALAWAIG
REGION XII (SOCCSKSARGEN),COTABATO (NORTH COTABATO),BANISILAN,KIARING
REGION XII (SOCCSKSARGEN),COTABATO (NORTH COTABATO),BANISILAN,MALAGAP
REGION XII (SOCCSKSARGEN),COTABATO (NORTH COTABATO),BANISILAN,MALINAO
REGION XII (SOCCSKSARGEN),COTABATO (NORTH COTABATO),BANISILAN,MIGUEL MACASARTE
REGION XII (SOCCSKSARGEN),COTABATO (NORTH COTABATO),BANISILAN,PANTAR
REGION XII (SOCCSKSARGEN),COTABATO (NORTH COTABATO),BANISILAN,PARADISE
REGION XII (SOCCSKSARGEN),COTABATO (NORTH COTABATO),BANISILAN,PINAMULAAN
REGION XII (SOCCSKSARGEN),COTABATO (NORTH COTABATO),BANISILAN,POBLACION II
REGION XII (SOCCSKSARGEN),COTABATO (NORTH COTABATO),BANISILAN,PUTING-BATO
REGION XII (SOCCSKSARGEN),COTABATO (NORTH COTABATO),BANISILAN,SOLAMA
REGION XII (SOCCSKSARGEN),COTABATO (NORTH COTABATO),BANISILAN,THAILAND
REGION XII (SOCCSKSARGEN),COTABATO (NORTH COTABATO),BANISILAN,TINIMBACAN
REGION XII (SOCCSKSARGEN),COTABATO (NORTH COTABATO),BANISILAN,TUMBAO-CAMALIG
REGION XII (SOCCSKSARGEN),COTABATO (NORTH COTABATO),BANISILAN,WADYA
REGION XII (SOCCSKSARGEN),COTABATO (NORTH COTABATO),ALEOSAN,BAGOLIBAS
REGION XII (SOCCSKSARGEN),COTABATO (NORTH COTABATO),ALEOSAN,CAWILIHAN
REGION XII (SOCCSKSARGEN),COTABATO (NORTH COTABATO),ALEOSAN,DUALING
REGION XII (SOCCSKSARGEN),COTABATO (NORTH COTABATO),ALEOSAN,DUNGUAN
REGION XII (SOCCSKSARGEN),COTABATO (NORTH COTABATO),ALEOSAN,KATALICANAN
REGION XII (SOCCSKSARGEN),COTABATO (NORTH COTABATO),ALEOSAN,LAWILI
REGION XII (SOCCSKSARGEN),COTABATO (NORTH COTABATO),ALEOSAN,LOWER MINGADING
REGION XII (SOCCSKSARGEN),COTABATO (NORTH COTABATO),ALEOSAN,LUANAN
REGION XII (SOCCSKSARGEN),COTABATO (NORTH COTABATO),ALEOSAN,MALAPANG
REGION XII (SOCCSKSARGEN),COTABATO (NORTH COTABATO),ALEOSAN,NEW LEON
REGION XII (SOCCSKSARGEN),COTABATO (NORTH COTABATO),ALEOSAN,NEW PANAY
REGION XII (SOCCSKSARGEN),COTABATO (NORTH COTABATO),ALEOSAN,PAGANGAN
REGION XII (SOCCSKSARGEN),COTABATO (NORTH COTABATO),ALEOSAN,PALACAT
REGION XII (SOCCSKSARGEN),COTABATO (NORTH COTABATO),ALEOSAN,PENTIL
REGION XII (SOCCSKSARGEN),COTABATO (NORTH COTABATO),ALEOSAN,SAN MATEO
REGION XII (SOCCSKSARGEN),COTABATO (NORTH COTABATO),ALEOSAN,SANTA CRUZ
REGION XII (SOCCSKSARGEN),COTABATO (NORTH COTABATO),ALEOSAN,TAPODOC
REGION XII (SOCCSKSARGEN),COTABATO (NORTH COTABATO),ALEOSAN,TOMADO
REGION XII (SOCCSKSARGEN),COTABATO (NORTH COTABATO),ALEOSAN,UPPER MINGADING
REGION XII (SOCCSKSARGEN),COTABATO (NORTH COTABATO),ARAKAN,ALLAB
REGION XII (SOCCSKSARGEN),COTABATO (NORTH COTABATO),ARAKAN,ANAPOLON
REGION XII (SOCCSKSARGEN),COTABATO (NORTH COTABATO),ARAKAN,BADIANGON
REGION XII (SOCCSKSARGEN),COTABATO (NORTH COTABATO),ARAKAN,BINOONGAN
REGION XII (SOCCSKSARGEN),COTABATO (NORTH COTABATO),ARAKAN,DALLAG
REGION XII (SOCCSKSARGEN),COTABATO (NORTH COTABATO),ARAKAN,DATU LADAYON
REGION XII (SOCCSKSARGEN),COTABATO (NORTH COTABATO),ARAKAN,DATU MATANGKIL
REGION XII (SOCCSKSARGEN),COTABATO (NORTH COTABATO),ARAKAN,DOROLUMAN
REGION XII (SOCCSKSARGEN),COTABATO (NORTH COTABATO),ARAKAN,GAMBODES
REGION XII (SOCCSKSARGEN),COTABATO (NORTH COTABATO),ARAKAN,GANATAN
REGION XII (SOCCSKSARGEN),COTABATO (NORTH COTABATO),ARAKAN,GREENFIELD
REGION XII (SOCCSKSARGEN),COTABATO (NORTH COTABATO),ARAKAN,KABALANTIAN
REGION XII (SOCCSKSARGEN),COTABATO (NORTH COTABATO),ARAKAN,KATIPUNAN
REGION XII (SOCCSKSARGEN),COTABATO (NORTH COTABATO),ARAKAN,KINAWAYAN
REGION XII (SOCCSKSARGEN),COTABATO (NORTH COTABATO),ARAKAN,KULAMAN VALLEY
REGION XII (SOCCSKSARGEN),COTABATO (NORTH COTABATO),ARAKAN,LANAO KURAN
REGION XII (SOCCSKSARGEN),COTABATO (NORTH COTABATO),ARAKAN,LIBERTAD
REGION XII (SOCCSKSARGEN),COTABATO (NORTH COTABATO),ARAKAN,MAKALANGOT
REGION XII (SOCCSKSARGEN),COTABATO (NORTH COTABATO),ARAKAN,MALIBATUAN
REGION XII (SOCCSKSARGEN),COTABATO (NORTH COTABATO),ARAKAN,MARIA CARIDAD
REGION XII (SOCCSKSARGEN),COTABATO (NORTH COTABATO),ARAKAN,MEOCAN
REGION XII (SOCCSKSARGEN),COTABATO (NORTH COTABATO),ARAKAN,NAJE
REGION XII (SOCCSKSARGEN),COTABATO (NORTH COTABATO),ARAKAN,NAPALICO
REGION XII (SOCCSKSARGEN),COTABATO (NORTH COTABATO),ARAKAN,SALASANG
REGION XII (SOCCSKSARGEN),COTABATO (NORTH COTABATO),ARAKAN,SAN MIGUEL
REGION XII (SOCCSKSARGEN),COTABATO (NORTH COTABATO),ARAKAN,SANTO NIÑO
REGION XII (SOCCSKSARGEN),COTABATO (NORTH COTABATO),ARAKAN,SUMALILI
REGION XII (SOCCSKSARGEN),COTABATO (NORTH COTABATO),ARAKAN,TUMANDING
REGION XII (SOCCSKSARGEN),SOUTH COTABATO,BANGA,BENITEZ (POB.)
REGION XII (SOCCSKSARGEN),SOUTH COTABATO,BANGA,CABUDIAN
REGION XII (SOCCSKSARGEN),SOUTH COTABATO,BANGA,CABULING
REGION XII (SOCCSKSARGEN),SOUTH COTABATO,BANGA,CINCO (BARRIO 5)
REGION XII (SOCCSKSARGEN),SOUTH COTABATO,BANGA,DERILON
REGION XII (SOCCSKSARGEN),SOUTH COTABATO,BANGA,EL NONOK
REGION XII (SOCCSKSARGEN),SOUTH COTABATO,BANGA,IMPROGO VILLAGE (POB.)
REGION XII (SOCCSKSARGEN),SOUTH COTABATO,BANGA,KUSAN (BARRIO 8)
REGION XII (SOCCSKSARGEN),SOUTH COTABATO,BANGA,LAM-APOS
REGION XII (SOCCSKSARGEN),SOUTH COTABATO,BANGA,LAMBA
REGION XII (SOCCSKSARGEN),SOUTH COTABATO,BANGA,LAMBINGI
REGION XII (SOCCSKSARGEN),SOUTH COTABATO,BANGA,LAMPARI
REGION XII (SOCCSKSARGEN),SOUTH COTABATO,BANGA,LIWANAY (BARRIO 1)
REGION XII (SOCCSKSARGEN),SOUTH COTABATO,BANGA,MALAYA (BARRIO 9)
REGION XII (SOCCSKSARGEN),SOUTH COTABATO,BANGA,PUNONG GRANDE (BARRIO 2)
REGION XII (SOCCSKSARGEN),SOUTH COTABATO,BANGA,RANG-AY (BARRIO 4)
REGION XII (SOCCSKSARGEN),SOUTH COTABATO,BANGA,REYES (POB.)
REGION XII (SOCCSKSARGEN),SOUTH COTABATO,BANGA,RIZAL (BARRIO 3)
REGION XII (SOCCSKSARGEN),SOUTH COTABATO,BANGA,RIZAL POBLACION
REGION XII (SOCCSKSARGEN),SOUTH COTABATO,BANGA,SAN JOSE (BARRIO 7)
REGION XII (SOCCSKSARGEN),SOUTH COTABATO,BANGA,SAN VICENTE (BARRIO 6)
REGION XII (SOCCSKSARGEN),SOUTH COTABATO,BANGA,YANGCO POBLACION
REGION XII (SOCCSKSARGEN),SOUTH COTABATO,CITY OF GENERAL SANTOS (DADIANGAS),BALUAN
REGION XII (SOCCSKSARGEN),SOUTH COTABATO,CITY OF GENERAL SANTOS (DADIANGAS),BUAYAN
REGION XII (SOCCSKSARGEN),SOUTH COTABATO,CITY OF GENERAL SANTOS (DADIANGAS),BULA
REGION XII (SOCCSKSARGEN),SOUTH COTABATO,CITY OF GENERAL SANTOS (DADIANGAS),CONEL
REGION XII (SOCCSKSARGEN),SOUTH COTABATO,CITY OF GENERAL SANTOS (DADIANGAS),DADIANGAS EAST (POB.)
REGION XII (SOCCSKSARGEN),SOUTH COTABATO,CITY OF GENERAL SANTOS (DADIANGAS),KATANGAWAN
REGION XII (SOCCSKSARGEN),SOUTH COTABATO,CITY OF GENERAL SANTOS (DADIANGAS),LAGAO (1ST & 3RD)
REGION XII (SOCCSKSARGEN),SOUTH COTABATO,CITY OF GENERAL SANTOS (DADIANGAS),LABANGAL
REGION XII (SOCCSKSARGEN),SOUTH COTABATO,CITY OF GENERAL SANTOS (DADIANGAS),LIGAYA
REGION XII (SOCCSKSARGEN),SOUTH COTABATO,CITY OF GENERAL SANTOS (DADIANGAS),MABUHAY
REGION XII (SOCCSKSARGEN),SOUTH COTABATO,CITY OF GENERAL SANTOS (DADIANGAS),SAN ISIDRO (LAGAO 2ND)
REGION XII (SOCCSKSARGEN),SOUTH COTABATO,CITY OF GENERAL SANTOS (DADIANGAS),SAN JOSE
REGION XII (SOCCSKSARGEN),SOUTH COTABATO,CITY OF GENERAL SANTOS (DADIANGAS),SINAWAL
REGION XII (SOCCSKSARGEN),SOUTH COTABATO,CITY OF GENERAL SANTOS (DADIANGAS),TAMBLER
REGION XII (SOCCSKSARGEN),SOUTH COTABATO,CITY OF GENERAL SANTOS (DADIANGAS),TINAGACAN
REGION XII (SOCCSKSARGEN),SOUTH COTABATO,CITY OF GENERAL SANTOS (DADIANGAS),APOPONG
REGION XII (SOCCSKSARGEN),SOUTH COTABATO,CITY OF GENERAL SANTOS (DADIANGAS),SIGUEL
REGION XII (SOCCSKSARGEN),SOUTH COTABATO,CITY OF GENERAL SANTOS (DADIANGAS),UPPER LABAY
REGION XII (SOCCSKSARGEN),SOUTH COTABATO,CITY OF GENERAL SANTOS (DADIANGAS),BATOMELONG
REGION XII (SOCCSKSARGEN),SOUTH COTABATO,CITY OF GENERAL SANTOS (DADIANGAS),CALUMPANG
REGION XII (SOCCSKSARGEN),SOUTH COTABATO,CITY OF GENERAL SANTOS (DADIANGAS),CITY HEIGHTS
REGION XII (SOCCSKSARGEN),SOUTH COTABATO,CITY OF GENERAL SANTOS (DADIANGAS),DADIANGAS NORTH
REGION XII (SOCCSKSARGEN),SOUTH COTABATO,CITY OF GENERAL SANTOS (DADIANGAS),DADIANGAS SOUTH
REGION XII (SOCCSKSARGEN),SOUTH COTABATO,CITY OF GENERAL SANTOS (DADIANGAS),DADIANGAS WEST
REGION XII (SOCCSKSARGEN),SOUTH COTABATO,CITY OF GENERAL SANTOS (DADIANGAS),FATIMA
REGION XII (SOCCSKSARGEN),SOUTH COTABATO,CITY OF GENERAL SANTOS (DADIANGAS),OLYMPOG
REGION XII (SOCCSKSARGEN),SOUTH COTABATO,CITY OF KORONADAL (Capital),ASSUMPTION (BULOL)
REGION XII (SOCCSKSARGEN),SOUTH COTABATO,CITY OF KORONADAL (Capital),AVANCEÑA (BO. 3)
REGION XII (SOCCSKSARGEN),SOUTH COTABATO,CITY OF KORONADAL (Capital),CACUB
REGION XII (SOCCSKSARGEN),SOUTH COTABATO,CITY OF KORONADAL (Capital),CALOOCAN
REGION XII (SOCCSKSARGEN),SOUTH COTABATO,CITY OF KORONADAL (Capital),CARPENTER HILL
REGION XII (SOCCSKSARGEN),SOUTH COTABATO,CITY OF KORONADAL (Capital),CONCEPCION (BO. 6)
REGION XII (SOCCSKSARGEN),SOUTH COTABATO,CITY OF KORONADAL (Capital),ESPERANZA
REGION XII (SOCCSKSARGEN),SOUTH COTABATO,CITY OF KORONADAL (Capital),GENERAL PAULINO SANTOS (BO. 1)
REGION XII (SOCCSKSARGEN),SOUTH COTABATO,CITY OF KORONADAL (Capital),MABINI
REGION XII (SOCCSKSARGEN),SOUTH COTABATO,CITY OF KORONADAL (Capital),MAGSAYSAY
REGION XII (SOCCSKSARGEN),SOUTH COTABATO,CITY OF KORONADAL (Capital),MAMBUCAL
REGION XII (SOCCSKSARGEN),SOUTH COTABATO,CITY OF KORONADAL (Capital),MORALES
REGION XII (SOCCSKSARGEN),SOUTH COTABATO,CITY OF KORONADAL (Capital),NAMNAMA
REGION XII (SOCCSKSARGEN),SOUTH COTABATO,CITY OF KORONADAL (Capital),NEW PANGASINAN (BO. 4)
REGION XII (SOCCSKSARGEN),SOUTH COTABATO,CITY OF KORONADAL (Capital),PARAISO
REGION XII (SOCCSKSARGEN),SOUTH COTABATO,CITY OF KORONADAL (Capital),ZONE I (POB.)
REGION XII (SOCCSKSARGEN),SOUTH COTABATO,CITY OF KORONADAL (Capital),ZONE II (POB.)
REGION XII (SOCCSKSARGEN),SOUTH COTABATO,CITY OF KORONADAL (Capital),ZONE III (POB.)
REGION XII (SOCCSKSARGEN),SOUTH COTABATO,CITY OF KORONADAL (Capital),ZONE IV (POB.)
REGION XII (SOCCSKSARGEN),SOUTH COTABATO,CITY OF KORONADAL (Capital),ROTONDA
REGION XII (SOCCSKSARGEN),SOUTH COTABATO,CITY OF KORONADAL (Capital),SAN ISIDRO
REGION XII (SOCCSKSARGEN),SOUTH COTABATO,CITY OF KORONADAL (Capital),SAN JOSE (BO. 5)
REGION XII (SOCCSKSARGEN),SOUTH COTABATO,CITY OF KORONADAL (Capital),SAN ROQUE
REGION XII (SOCCSKSARGEN),SOUTH COTABATO,CITY OF KORONADAL (Capital),SANTA CRUZ
REGION XII (SOCCSKSARGEN),SOUTH COTABATO,CITY OF KORONADAL (Capital),SANTO NIÑO (BO. 2)
REGION XII (SOCCSKSARGEN),SOUTH COTABATO,CITY OF KORONADAL (Capital),SARABIA (BO. 8)
REGION XII (SOCCSKSARGEN),SOUTH COTABATO,CITY OF KORONADAL (Capital),ZULUETA (BO. 7)
REGION XII (SOCCSKSARGEN),SOUTH COTABATO,NORALA,DUMAGUIL
REGION XII (SOCCSKSARGEN),SOUTH COTABATO,NORALA,ESPERANZA
REGION XII (SOCCSKSARGEN),SOUTH COTABATO,NORALA,KIBID
REGION XII (SOCCSKSARGEN),SOUTH COTABATO,NORALA,LAPUZ
REGION XII (SOCCSKSARGEN),SOUTH COTABATO,NORALA,LIBERTY
REGION XII (SOCCSKSARGEN),SOUTH COTABATO,NORALA,LOPEZ JAENA
REGION XII (SOCCSKSARGEN),SOUTH COTABATO,NORALA,MATAPOL
REGION XII (SOCCSKSARGEN),SOUTH COTABATO,NORALA,POBLACION
REGION XII (SOCCSKSARGEN),SOUTH COTABATO,NORALA,PUTI
REGION XII (SOCCSKSARGEN),SOUTH COTABATO,NORALA,SAN JOSE
REGION XII (SOCCSKSARGEN),SOUTH COTABATO,NORALA,SAN MIGUEL
REGION XII (SOCCSKSARGEN),SOUTH COTABATO,NORALA,SIMSIMAN
REGION XII (SOCCSKSARGEN),SOUTH COTABATO,NORALA,TINAGO
REGION XII (SOCCSKSARGEN),SOUTH COTABATO,NORALA,"BENIGNO AQUINO, JR."
REGION XII (SOCCSKSARGEN),SOUTH COTABATO,POLOMOLOK,BENTUNG
REGION XII (SOCCSKSARGEN),SOUTH COTABATO,POLOMOLOK,CROSSING PALKAN
REGION XII (SOCCSKSARGEN),SOUTH COTABATO,POLOMOLOK,GLAMANG
REGION XII (SOCCSKSARGEN),SOUTH COTABATO,POLOMOLOK,KINILIS
REGION XII (SOCCSKSARGEN),SOUTH COTABATO,POLOMOLOK,KLINAN 6
REGION XII (SOCCSKSARGEN),SOUTH COTABATO,POLOMOLOK,KORONADAL PROPER
REGION XII (SOCCSKSARGEN),SOUTH COTABATO,POLOMOLOK,LAM-CALIAF
REGION XII (SOCCSKSARGEN),SOUTH COTABATO,POLOMOLOK,LANDAN
REGION XII (SOCCSKSARGEN),SOUTH COTABATO,POLOMOLOK,LUMAKIL
REGION XII (SOCCSKSARGEN),SOUTH COTABATO,POLOMOLOK,MALIGO
REGION XII (SOCCSKSARGEN),SOUTH COTABATO,POLOMOLOK,PALKAN
REGION XII (SOCCSKSARGEN),SOUTH COTABATO,POLOMOLok,POBLACION
REGION XII (SOCCSKSARGEN),SOUTH COTABATO,POLOMOLOK,POLO
REGION XII (SOCCSKSARGEN),SOUTH COTABATO,POLOMOLOK,MAGSAYSAY
REGION XII (SOCCSKSARGEN),SOUTH COTABATO,POLOMOLOK,RUBBER
REGION XII (SOCCSKSARGEN),SOUTH COTABATO,POLOMOLOK,SILWAY 7
REGION XII (SOCCSKSARGEN),SOUTH COTABATO,POLOMOLOK,SILWAY 8
REGION XII (SOCCSKSARGEN),SOUTH COTABATO,POLOMOLOK,SULIT
REGION XII (SOCCSKSARGEN),SOUTH COTABATO,POLOMOLOK,SUMBAKIL
REGION XII (SOCCSKSARGEN),SOUTH COTABATO,POLOMOLOK,UPPER KLINAN
REGION XII (SOCCSKSARGEN),SOUTH COTABATO,POLOMOLOK,LAPU
REGION XII (SOCCSKSARGEN),SOUTH COTABATO,POLOMOLOK,CANNERY SITE
REGION XII (SOCCSKSARGEN),SOUTH COTABATO,POLOMOLOK,PAGALUNGAN
REGION XII (SOCCSKSARGEN),SOUTH COTABATO,SURALLAH,BUENAVISTA
REGION XII (SOCCSKSARGEN),SOUTH COTABATO,SURALLAH,CENTRALA
REGION XII (SOCCSKSARGEN),SOUTH COTABATO,SURALLAH,COLONGULO
REGION XII (SOCCSKSARGEN),SOUTH COTABATO,SURALLAH,DAJAY
REGION XII (SOCCSKSARGEN),SOUTH COTABATO,SURALLAH,DUENGAS
REGION XII (SOCCSKSARGEN),SOUTH COTABATO,SURALLAH,CANAHAY (GODWINO)
REGION XII (SOCCSKSARGEN),SOUTH COTABATO,SURALLAH,LAMBONTONG
REGION XII (SOCCSKSARGEN),SOUTH COTABATO,SURALLAH,LAMIAN
REGION XII (SOCCSKSARGEN),SOUTH COTABATO,SURALLAH,LAMSUGOD
REGION XII (SOCCSKSARGEN),SOUTH COTABATO,SURALLAH,LIBERTAD (POB.)
REGION XII (SOCCSKSARGEN),SOUTH COTABATO,SURALLAH,LITTLE BAGUIO
REGION XII (SOCCSKSARGEN),SOUTH COTABATO,SURALLAH,MOLOY
REGION XII (SOCCSKSARGEN),SOUTH COTABATO,SURALLAH,NACI (DOCE)
REGION XII (SOCCSKSARGEN),SOUTH COTABATO,SURALLAH,TALAHIK
REGION XII (SOCCSKSARGEN),SOUTH COTABATO,SURALLAH,TUBIALA
REGION XII (SOCCSKSARGEN),SOUTH COTABATO,SURALLAH,UPPER SEPAKA
REGION XII (SOCCSKSARGEN),SOUTH COTABATO,SURALLAH,VETERANS
REGION XII (SOCCSKSARGEN),SOUTH COTABATO,TAMPAKAN,ALBAGAN
REGION XII (SOCCSKSARGEN),SOUTH COTABATO,TAMPAKAN,KIPALBIG
REGION XII (SOCCSKSARGEN),SOUTH COTABATO,TAMPAKAN,LAMBAYONG
REGION XII (SOCCSKSARGEN),SOUTH COTABATO,TAMPAKAN,LIBERTY
REGION XII (SOCCSKSARGEN),SOUTH COTABATO,TAMPAKAN,MALTANA
REGION XII (SOCCSKSARGEN),SOUTH COTABATO,TAMPAKAN,POBLACION
REGION XII (SOCCSKSARGEN),SOUTH COTABATO,TAMPAKAN,TABLU
REGION XII (SOCCSKSARGEN),SOUTH COTABATO,TAMPAKAN,BUTO
REGION XII (SOCCSKSARGEN),SOUTH COTABATO,TAMPAKAN,LAMPITAK
REGION XII (SOCCSKSARGEN),SOUTH COTABATO,TAMPAKAN,PALO
REGION XII (SOCCSKSARGEN),SOUTH COTABATO,TAMPAKAN,PULA-BATO
REGION XII (SOCCSKSARGEN),SOUTH COTABATO,TAMPAKAN,DANLAG
REGION XII (SOCCSKSARGEN),SOUTH COTABATO,TAMPAKAN,SAN ISIDRO
REGION XII (SOCCSKSARGEN),SOUTH COTABATO,TAMPAKAN,SANTA CRUZ
REGION XII (SOCCSKSARGEN),SOUTH COTABATO,TANTANGAN,BUKAY PAIT
REGION XII (SOCCSKSARGEN),SOUTH COTABATO,TANTANGAN,CABULING
REGION XII (SOCCSKSARGEN),SOUTH COTABATO,TANTANGAN,DUMADALIG
REGION XII (SOCCSKSARGEN),SOUTH COTABATO,TANTANGAN,LIBAS
REGION XII (SOCCSKSARGEN),SOUTH COTABATO,TANTANGAN,MAGON
REGION XII (SOCCSKSARGEN),SOUTH COTABATO,TANTANGAN,MAIBO
REGION XII (SOCCSKSARGEN),SOUTH COTABATO,TANTANGAN,MANGILALA
REGION XII (SOCCSKSARGEN),SOUTH COTABATO,TANTANGAN,NEW ILOILO
REGION XII (SOCCSKSARGEN),SOUTH COTABATO,TANTANGAN,NEW LAMBUNAO
REGION XII (SOCCSKSARGEN),SOUTH COTABATO,TANTANGAN,POBLACION
REGION XII (SOCCSKSARGEN),SOUTH COTABATO,TANTANGAN,SAN FELIPE
REGION XII (SOCCSKSARGEN),SOUTH COTABATO,TANTANGAN,NEW CUYAPO
REGION XII (SOCCSKSARGEN),SOUTH COTABATO,TANTANGAN,TINONGCOP
REGION XII (SOCCSKSARGEN),SOUTH COTABATO,T'BOLI,BASAG
REGION XII (SOCCSKSARGEN),SOUTH COTABATO,T'BOLI,EDWARDS (POB.)
REGION XII (SOCCSKSARGEN),SOUTH COTABATO,T'BOLI,KEMATU
REGION XII (SOCCSKSARGEN),SOUTH COTABATO,T'BOLI,LACONON
REGION XII (SOCCSKSARGEN),SOUTH COTABATO,T'BOLI,LAMSALOME
REGION XII (SOCCSKSARGEN),SOUTH COTABATO,T'BOLI,NEW DUMANGAS
REGION XII (SOCCSKSARGEN),SOUTH COTABATO,T'BOLI,SINOLON
REGION XII (SOCCSKSARGEN),SOUTH COTABATO,T'BOLI,LAMBANGAN
REGION XII (SOCCSKSARGEN),SOUTH COTABATO,T'BOLI,MAAN
REGION XII (SOCCSKSARGEN),SOUTH COTABATO,T'BOLI,AFUS
REGION XII (SOCCSKSARGEN),SOUTH COTABATO,T'BOLI,LAMBULING
REGION XII (SOCCSKSARGEN),SOUTH COTABATO,T'BOLI,LAMHAKO
REGION XII (SOCCSKSARGEN),SOUTH COTABATO,T'BOLI,POBLACION
REGION XII (SOCCSKSARGEN),SOUTH COTABATO,T'BOLI,TALCON
REGION XII (SOCCSKSARGEN),SOUTH COTABATO,T'BOLI,TALUFO
REGION XII (SOCCSKSARGEN),SOUTH COTABATO,T'BOLI,TUDOK
REGION XII (SOCCSKSARGEN),SOUTH COTABATO,T'BOLI,AFLEK
REGION XII (SOCCSKSARGEN),SOUTH COTABATO,T'BOLI,DATAL BOB
REGION XII (SOCCSKSARGEN),SOUTH COTABATO,T'BOLI,DESAWO
REGION XII (SOCCSKSARGEN),SOUTH COTABATO,T'BOLI,DLANAG
REGION XII (SOCCSKSARGEN),SOUTH COTABATO,T'BOLI,LEMSNOLON
REGION XII (SOCCSKSARGEN),SOUTH COTABATO,T'BOLI,MALUGONG
REGION XII (SOCCSKSARGEN),SOUTH COTABATO,T'BOLI,MONGOCAYO
REGION XII (SOCCSKSARGEN),SOUTH COTABATO,T'BOLI,SALACAFE
REGION XII (SOCCSKSARGEN),SOUTH COTABATO,T'BOLI,T'BOLOK
REGION XII (SOCCSKSARGEN),SOUTH COTABATO,TUPI,ACMONAN
REGION XII (SOCCSKSARGEN),SOUTH COTABATO,TUPI,BOLOLMALA
REGION XII (SOCCSKSARGEN),SOUTH COTABATO,TUPI,BUNAO
REGION XII (SOCCSKSARGEN),SOUTH COTABATO,TUPI,CEBUANO
REGION XII (SOCCSKSARGEN),SOUTH COTABATO,TUPI,CROSSING RUBBER
REGION XII (SOCCSKSARGEN),SOUTH COTABATO,TUPI,KABLON
REGION XII (SOCCSKSARGEN),SOUTH COTABATO,TUPI,KALKAM
REGION XII (SOCCSKSARGEN),SOUTH COTABATO,TUPI,LINAN
REGION XII (SOCCSKSARGEN),SOUTH COTABATO,TUPI,LUNEN
REGION XII (SOCCSKSARGEN),SOUTH COTABATO,TUPI,MIASONG
REGION XII (SOCCSKSARGEN),SOUTH COTABATO,TUPI,PALIAN
REGION XII (SOCCSKSARGEN),SOUTH COTABATO,TUPI,POBLACION
REGION XII (SOCCSKSARGEN),SOUTH COTABATO,TUPI,POLONULING
REGION XII (SOCCSKSARGEN),SOUTH COTABATO,TUPI,SIMBO
REGION XII (SOCCSKSARGEN),SOUTH COTABATO,TUPI,TUBENG
REGION XII (SOCCSKSARGEN),SOUTH COTABATO,SANTO NIÑO,AMBALGAN
REGION XII (SOCCSKSARGEN),SOUTH COTABATO,SANTO NIÑO,GUINSANG-AN
REGION XII (SOCCSKSARGEN),SOUTH COTABATO,SANTO NIÑO,KATIPUNAN
REGION XII (SOCCSKSARgen),SOUTH COTABATO,SANTO NIÑO,MANUEL ROXAS
REGION XII (SOCCSKSARGEN),SOUTH COTABATO,SANTO NIÑO,PANAY
REGION XII (SOCCSKSARGEN),SOUTH COTABATO,SANTO NIÑO,POBLACION
REGION XII (SOCCSKSARGEN),SOUTH COTABATO,SANTO NIÑO,SAN ISIDRO
REGION XII (SOCCSKSARGEN),SOUTH COTABATO,SANTO NIÑO,SAN VICENTE
REGION XII (SOCCSKSARGEN),SOUTH COTABATO,SANTO NIÑO,TERESITA
REGION XII (SOCCSKSARGEN),SOUTH COTABATO,SANTO NIÑO,SAJANEBA
REGION XII (SOCCSKSARGEN),SOUTH COTABATO,LAKE SEBU,BACDULONG
REGION XII (SOCCSKSARGEN),SOUTH COTABATO,LAKE SEBU,DENLAG
REGION XII (SOCCSKSARGEN),SOUTH COTABATO,LAKE SEBU,HALILAN
REGION XII (SOCCSKSARGEN),SOUTH COTABATO,LAKE SEBU,HANOON
REGION XII (SOCCSKSARGEN),SOUTH COTABATO,LAKE SEBU,KLUBI
REGION XII (SOCCSKSARGEN),SOUTH COTABATO,LAKE SEBU,LAKE LAHIT
REGION XII (SOCCSKSARGEN),SOUTH COTABATO,LAKE SEBU,LAMCADE
REGION XII (SOCCSKSARGEN),SOUTH COTABATO,LAKE SEBU,LAMDALAG
REGION XII (SOCCSKSARGEN),SOUTH COTABATO,LAKE SEBU,LAMFUGON
REGION XII (SOCCSKSARGEN),SOUTH COTABATO,LAKE SEBU,LAMLAHAK
REGION XII (SOCCSKSARGEN),SOUTH COTABATO,LAKE SEBU,LOWER MACULAN
REGION XII (SOCCSKSARGEN),SOUTH COTABATO,LAKE SEBU,LUHIB
REGION XII (SOCCSKSARGEN),SOUTH COTABATO,LAKE SEBU,NED
REGION XII (SOCCSKSARGEN),SOUTH COTABATO,LAKE SEBU,POBLACION
REGION XII (SOCCSKSARGEN),SOUTH COTABATO,LAKE SEBU,SILUTON
REGION XII (SOCCSKSARGEN),SOUTH COTABATO,LAKE SEBU,TALISAY
REGION XII (SOCCSKSARGEN),SOUTH COTABATO,LAKE SEBU,TAKUNEL
REGION XII (SOCCSKSARGEN),SOUTH COTABATO,LAKE SEBU,UPPER MACULAN
REGION XII (SOCCSKSARGEN),SOUTH COTABATO,LAKE SEBU,TASIMAN
REGION XII (SOCCSKSARGEN),SULTAN KUDARAT,BAGUMBAYAN,BAI SARIFINANG
REGION XII (SOCCSKSARGEN),SULTAN KUDARAT,BAGUMBAYAN,BIWANG
REGION XII (SOCCSKSARGEN),SULTAN KUDARAT,BAGUMBAYAN,BUSOK
REGION XII (SOCCSKSARGEN),SULTAN KUDARAT,BAGUMBAYAN,DAGUMA
REGION XII (SOCCSKSARGEN),SULTAN KUDARAT,BAGUMBAYAN,KAPAYA
REGION XII (SOCCSKSARGEN),SULTAN KUDARAT,BAGUMBAYAN,KINAYAO
REGION XII (SOCCSKSARGEN),SULTAN KUDARAT,BAGUMBAYAN,MASIAG
REGION XII (SOCCSKSARGEN),SULTAN KUDARAT,BAGUMBAYAN,POBLACION
REGION XII (SOCCSKSARGEN),SULTAN KUDARAT,BAGUMBAYAN,SOUTH SEPAKA
REGION XII (SOCCSKSARGEN),SULTAN KUDARAT,BAGUMBAYAN,TUKA
REGION XII (SOCCSKSARGEN),SULTAN KUDARAT,BAGUMBAYAN,CHUA
REGION XII (SOCCSKSARGEN),SULTAN KUDARAT,BAGUMBAYAN,DALUGA
REGION XII (SOCCSKSARGEN),SULTAN KUDARAT,BAGUMBAYAN,KABULANAN
REGION XII (SOCCSKSARGEN),SULTAN KUDARAT,BAGUMBAYAN,KANULAY
REGION XII (SOCCSKSARGEN),SULTAN KUDARAT,BAGUMBAYAN,MONTEVERDE
REGION XII (SOCCSKSARGEN),SULTAN KUDARAT,BAGUMBAYAN,SANTO NIÑO
REGION XII (SOCCSKSARGEN),SULTAN KUDARAT,BAGUMBAYAN,SUMILIL
REGION XII (SOCCSKSARGEN),SULTAN KUDARAT,BAGUMBAYAN,TITULOK
REGION XII (SOCCSKSARGEN),SULTAN KUDARAT,BAGUMBAYAN,SISON
REGION XII (SOCCSKSARGEN),SULTAN KUDARAT,COLUMBIO,BANTANGAN (LASAK)
REGION XII (SOCCSKSARGEN),SULTAN KUDARAT,COLUMBIO,DATABLAO
REGION XII (SOCCSKSARGEN),SULTAN KUDARAT,COLUMBIO,EDAY
REGION XII (SOCCSKSARGEN),SULTAN KUDARAT,COLUMBIO,ELBEBE
REGION XII (SOCCSKSARGEN),SULTAN KUDARAT,COLUMBIO,LIBERTAD
REGION XII (SOCCSKSARGEN),SULTAN KUDARAT,COLUMBIO,LOMOYON
REGION XII (SOCCSKSARGEN),SULTAN KUDARAT,COLUMBIO,MAKAT (SUMALI PAS)
REGION XII (SOCCSKSARGEN),SULTAN KUDARAT,COLUMBIO,MALIGAYA
REGION XII (SOCCSKSARGEN),SULTAN KUDARAT,COLUMBIO,MAYO
REGION XII (SOCCSKSARGEN),SULTAN KUDARAT,COLUMBIO,NATIVIDAD
REGION XII (SOCCSKSARGEN),SULTAN KUDARAT,COLUMBIO,POBLACION
REGION XII (SOCCSKSARGEN),SULTAN KUDARAT,COLUMBIO,POLOMOLOK
REGION XII (SOCCSKSARGEN),SULTAN KUDARAT,COLUMBIO,SINAPULAN
REGION XII (SOCCSKSARGEN),SULTAN KUDARAT,COLUMBIO,SUCOB
REGION XII (SOCCSKSARGEN),SULTAN KUDARAT,COLUMBIO,TELAFAS
REGION XII (SOCCSKSARGEN),SULTAN KUDARAT,COLUMBIO,LASAK
REGION XII (SOCCSKSARGEN),SULTAN KUDARAT,ESPERANZA,ALA
REGION XII (SOCCSKSARGEN),SULTAN KUDARAT,ESPERANZA,DALADAP
REGION XII (SOCCSKSARGEN),SULTAN KUDARAT,ESPERANZA,DUKAY
REGION XII (SOCCSKSARGEN),SULTAN KUDARAT,ESPERANZA,GUIAMALIA
REGION XII (SOCCSKSARGEN),SULTAN KUDARAT,ESPERANZA,ILIAN
REGION XII (SOCCSKSARGEN),SULTAN KUDARAT,ESPERANZA,KANGKONG
REGION XII (SOCCSKSARGEN),SULTAN KUDARAT,ESPERANZA,MARGUES
REGION XII (SOCCSKSARGEN),SULTAN KUDARAT,ESPERANZA,NEW PANAY
REGION XII (SOCCSKSARGEN),SULTAN KUDARAT,ESPERANZA,NUMO
REGION XII (SOCCSKSARGEN),SULTAN KUDARAT,ESPERANZA,PAMANTINGAN
REGION XII (SOCCSKSARGEN),SULTAN KUDARAT,ESPERANZA,POBLACION
REGION XII (SOCCSKSARGEN),SULTAN KUDARAT,ESPERANZA,SAGASA
REGION XII (SOCCSKSARGEN),SULTAN KUDARAT,ESPERANZA,SALABACA
REGION XII (SOCCSKSARGEN),SULTAN KUDARAT,ESPERANZA,VILLAMOR
REGION XII (SOCCSKSARGEN),SULTAN KUDARAT,ESPERANZA,LAGUINDING
REGION XII (SOCCSKSARGEN),SULTAN KUDARAT,ESPERANZA,MAGSAYSAY
REGION XII (SOCCSKSARGEN),SULTAN KUDARAT,ESPERANZA,PAITAN
REGION XII (SOCCSKSARGEN),SULTAN KUDARAT,ESPERANZA,SALIAO
REGION XII (SOCCSKSARGEN),SULTAN KUDARAT,ESPERANZA,SALUMPING
REGION XII (SOCCSKSARGEN),SULTAN KUDARAT,ISULAN (Capital),BAMBAD
REGION XII (SOCCSKSARGEN),SULTAN KUDARAT,ISULAN (Capital),BUAL
REGION XII (SOCCSKSARGEN),SULTAN KUDARAT,ISULAN (Capital),D'LOTILLA
REGION XII (SOCCSKSARGEN),SULTAN KUDARAT,ISULAN (Capital),DANSULI
REGION XII (SOCCSKSARGEN),SULTAN KUDARAT,ISULAN (Capital),IMPAO
REGION XII (SOCCSKSARGEN),SULTAN KUDARAT,ISULAN (Capital),KALAWAG I (POB.)
REGION XII (SOCCSKSARGEN),SULTAN KUDARAT,ISULAN (Capital),KALAWAG II (POB.)
REGION XII (SOCCSKSARGEN),SULTAN KUDARAT,ISULAN (Capital),KALAWAG III (POB.)
REGION XII (SOCCSKSARGEN),SULTAN KUDARAT,ISULAN (Capital),KENRAM
REGION XII (SOCCSKSARGEN),SULTAN KUDARAT,ISULAN (Capital),KUDANDING
REGION XII (SOCCSKSARGEN),SULTAN KUDARAT,ISULAN (Capital),KOLAMBOG
REGION XII (SOCCSKSARGEN),SULTAN KUDARAT,ISULAN (Capital),LAGANDANG
REGION XII (SOCCSKSARGEN),SULTAN KUDARAT,ISULAN (Capital),LAGUILAYAN
REGION XII (SOCCSKSARGEN),SULTAN KUDARAT,ISULAN (Capital),MAPANTIG
REGION XII (SOCCSKSARGEN),SULTAN KUDARAT,ISULAN (Capital),NEW PANGASINAN
REGION XII (SOCCSKSARGEN),SULTAN KUDARAT,ISULAN (Capital),SAMPAO
REGION XII (SOCCSKSARGEN),SULTAN KUDARAT,ISULAN (Capital),TAYUGO
REGION XII (SOCCSKSARGEN),SULTAN KUDARAT,KALAMANSIG,BANTOGON (SANTA CLARA)
REGION XII (SOCCSKSARGEN),SULTAN KUDARAT,KALAMANSIG,CADIZ
REGION XII (SOCCSKSARGEN),SULTAN KUDARAT,KALAMANSIG,DUMANGAS NUEVO
REGION XII (SOCCSKSARGEN),SULTAN KUDARAT,KALAMANSIG,HINALAAN
REGION XII (SOCCSKSARGEN),SULTAN KUDARAT,KALAMANSIG,LIMULAN
REGION XII (SOCCSKSARGEN),SULTAN KUDARAT,KALAMANSIG,OBIAL
REGION XII (SOCCSKSARGEN),SULTAN KUDARAT,KALAMANSIG,PARIL
REGION XII (SOCCSKSARGEN),SULTAN KUDARAT,KALAMANSIG,POBLACION
REGION XII (SOCCSKSARGEN),SULTAN KUDARAT,KALAMANSIG,SANGAY
REGION XII (SOCCSKSARGEN),SULTAN KUDARAT,KALAMANSIG,SANTA MARIA
REGION XII (SOCCSKSARGEN),SULTAN KUDARAT,KALAMANSIG,DATU ITO ANDONG
REGION XII (SOCCSKSARGEN),SULTAN KUDARAT,KALAMANSIG,DATU WASAY
REGION XII (SOCCSKSARGEN),SULTAN KUDARAT,KALAMANSIG,NALILIDAN
REGION XII (SOCCSKSARGEN),SULTAN KUDARAT,KALAMANSIG,SABANAL
REGION XII (SOCCSKSARGEN),SULTAN KUDARAT,KALAMANSIG,PAG-ASA
REGION XII (SOCCSKSARGEN),SULTAN KUDARAT,LEBAK,BARURAO
REGION XII (SOCCSKSARGEN),SULTAN KUDARAT,LEBAK,BASAK
REGION XII (SOCCSKSARGEN),SULTAN KUDARAT,LEBAK,BULULAWAN
REGION XII (SOCCSKSARGEN),SULTAN KUDARAT,LEBAK,CAPILAN
REGION XII (SOCCSKSARGEN),SULTAN KUDARAT,LEBAK,CHRISTIANNUEVO
REGION XII (SOCCSKSARGEN),SULTAN KUDARAT,LEBAK,DATU KARON
REGION XII (SOCCSKSARGEN),SULTAN KUDARAT,LEBAK,KALAMONGOG
REGION XII (SOCCSKSARGEN),SULTAN KUDARAT,LEBAK,KEYTODAC
REGION XII (SOCCSKSARGEN),SULTAN KUDARAT,LEBAK,KINODALAN
REGION XII (SOCCSKSARGEN),SULTAN KUDARAT,LEBAK,NEW CALINOG
REGION XII (SOCCSKSARGEN),SULTAN KUDARAT,LEBAK,NULING
REGION XII (SOCCSKSARGEN),SULTAN KUDARAT,LEBAK,PANSUD
REGION XII (SOCCSKSARGEN),SULTAN KUDARAT,LEBAK,PASANDALAN
REGION XII (SOCCSKSARGEN),SULTAN KUDARAT,LEBAK,POBLACION
REGION XII (SOCCSKSARGEN),SULTAN KUDARAT,LEBAK,POLOY-POLOY
REGION XII (SOCCSKSARGEN),SULTAN KUDARAT,LEBAK,PURIKAY
REGION XII (SOCCSKSARGEN),SULTAN KUDARAT,LEBAK,RAGANDANG
REGION XII (SOCCSKSARGEN),SULTAN KUDARAT,LEBAK,SALAMAN
REGION XII (SOCCSKSARGEN),SULTAN KUDARAT,LEBAK,SALANGSANG
REGION XII (SOCCSKSARGEN),SULTAN KUDARAT,LEBAK,TAGUISA
REGION XII (SOCCSKSARGEN),SULTAN KUDARAT,LEBAK,TIBPUAN
REGION XII (SOCCSKSARGEN),SULTAN KUDARAT,LEBAK,TRAN
REGION XII (SOCCSKSARGEN),SULTAN KUDARAT,LEBAK,VILLAMONTE
REGION XII (SOCCSKSARGEN),SULTAN KUDARAT,LEBAK,BARURAO II
REGION XII (SOCCSKSARGEN),SULTAN KUDARAT,LEBAK,AURELIO F. FREIRES (POBLACION II)
REGION XII (SOCCSKSARGEN),SULTAN KUDARAT,LEBAK,POBLACION III
REGION XII (SOCCSKSARGEN),SULTAN KUDARAT,LEBAK,BOLEBOK
REGION XII (SOCCSKSARGEN),SULTAN KUDARAT,LUTAYAN,ANTONG
REGION XII (SOCCSKSARGEN),SULTAN KUDARAT,LUTAYAN,BAYASONG
REGION XII (SOCCSKSARGEN),SULTAN KUDARAT,LUTAYAN,BLINGKONG
REGION XII (SOCCSKSARGEN),SULTAN KUDARAT,LUTAYAN,LUTAYAN PROPER
REGION XII (SOCCSKSARGEN),SULTAN KUDARAT,LUTAYAN,MAINDANG
REGION XII (SOCCSKSARGEN),SULTAN KUDARAT,LUTAYAN,MAMALI
REGION XII (SOCCSKSARGEN),SULTAN KUDARAT,LUTAYAN,MANILI
REGION XII (SOCCSKSARGEN),SULTAN KUDARAT,LUTAYAN,SAMPAO
REGION XII (SOCCSKSARGEN),SULTAN KUDARAT,LUTAYAN,SISIMAN
REGION XII (SOCCSKSARGEN),SULTAN KUDARAT,LUTAYAN,TAMNAG (POB.)
REGION XII (SOCCSKSARGEN),SULTAN KUDARAT,LUTAYAN,PALAVILLA
REGION XII (SOCCSKSARGEN),SULTAN KUDARAT,LAMBAYONG (MARIANO MARCOS),CARIDAD (CUYAPON)
REGION XII (SOCCSKSARGEN),SULTAN KUDARAT,LAMBAYONG (MARIANO MARCOS),DIDTARAS
REGION XII (SOCCSKSARGEN),SULTAN KUDARAT,LAMBAYONG (MARIANO MARCOS),GANSING (BILUMEN)
REGION XII (SOCCSKSARGEN),SULTAN KUDARAT,LAMBAYONG (MARIANO MARCOS),KABULAKAN
REGION XII (SOCCSKSARGEN),SULTAN KUDARAT,LAMBAYONG (MARIANO MARCOS),KAPINGKONG
REGION XII (SOCCSKSARGEN),SULTAN KUDARAT,LAMBAYONG (MARIANO MARCOS),KATITISAN
REGION XII (SOCCSKSARGEN),SULTAN KUDARAT,LAMBAYONG (MARIANO MARCOS),LAGAO
REGION XII (SOCCSKSARGEN),SULTAN KUDARAT,LAMBAYONG (MARIANO MARCOS),LILIT
REGION XII (SOCCSKSARGEN),SULTAN KUDARAT,LAMBAYONG (MARIANO MARCOS),MADANDING
REGION XII (SOCCSKSARGEN),SULTAN KUDARAT,LAMBAYONG (MARIANO MARCOS),MALIGAYA
REGION XII (SOCCSKSARGEN),SULTAN KUDARAT,LAMBAYONG (MARIANO MARCOS),MAMALI
REGION XII (SOCCSKSARGEN),SULTAN KUDARAT,LAMBAYONG (MARIANO MARCOS),MATIOMPONG
REGION XII (SOCCSKSARGEN),SULTAN KUDARAT,LAMBAYONG (MARIANO MARCOS),MIDTAPOK
REGION XII (SOCCSKSARGEN),SULTAN KUDARAT,LAMBAYONG (MARIANO MARCOS),NEW CEBU
REGION XII (SOCCSKSARGEN),SULTAN KUDARAT,LAMBAYONG (MARIANO MARCOS),PALUMBI
REGION XII (SOCCSKSARGEN),SULTAN KUDARAT,LAMBAYONG (MARIANO MARCOS),PIDTIGUIAN
REGION XII (SOCCSKSARGEN),SULTAN KUDARAT,LAMBAYONG (MARIANO MARCOS),PIMBALAYAN
REGION XII (SOCCSKSARGEN),SULTAN KUDARAT,LAMBAYONG (MARIANO MARCOS),PINGUIAMAN
REGION XII (SOCCSKSARGEN),SULTAN KUDARAT,LAMBAYONG (MARIANO MARCOS),POBLACION (LAMBAYONG)
REGION XII (SOCCSKSARGEN),SULTAN KUDARAT,LAMBAYONG (MARIANO MARCOS),SADSALAN
REGION XII (SOCCSKSARGEN),SULTAN KUDARAT,LAMBAYONG (MARIANO MARCOS),SENEBEN
REGION XII (SOCCSKSARGEN),SULTAN KUDARAT,LAMBAYONG (MARIANO MARCOS),SIGAYAN
REGION XII (SOCCSKSARGEN),SULTAN KUDARAT,LAMBAYONG (MARIANO MARCOS),TAMBAK
REGION XII (SOCCSKSARGEN),SULTAN KUDARAT,LAMBAYONG (MARIANO MARCOS),TINUMIGUES
REGION XII (SOCCSKSARGEN),SULTAN KUDARAT,LAMBAYONG (MARIANO MARCOS),TUMIAO (TINAGA)
REGION XII (SOCCSKSARGEN),SULTAN KUDARAT,LAMBAYONG (MARIANO MARCOS),UDTONG
REGION XII (SOCCSKSARGEN),SULTAN KUDARAT,PALIMBANG,AKOL
REGION XII (SOCCSKSARGEN),SULTAN KUDARAT,PALIMBANG,BADIANGON
REGION XII (SOCCSKSARGEN),SULTAN KUDARAT,PALIMBANG,BALIANGO
REGION XII (SOCCSKSARGEN),SULTAN KUDARAT,PALIMBANG,BARANAYAN
REGION XII (SOCCSKSARGEN),SULTAN KUDARAT,PALIMBANG,BARONGIS
REGION XII (SOCCSKSARGEN),SULTAN KUDARAT,PALIMBANG,BATANG-BAGLAS
REGION XII (SOCCSKSARGEN),SULTAN KUDARAT,PALIMBANG,BUTRIL
REGION XII (SOCCSKSARGEN),SULTAN KUDARAT,PALIMBANG,DOMOLOL
REGION XII (SOCCSKSARGEN),SULTAN KUDARAT,PALIMBANG,KABULING
REGION XII (SOCCSKSARGEN),SULTAN KUDARAT,PALIMBANG,KALIBUHAN
REGION XII (SOCCSKSARGEN),SULTAN KUDARAT,PALIMBANG,KANIPAAN
REGION XII (SOCCSKSARGEN),SULTAN KUDARAT,PALIMBANG,KISEK
REGION XII (SOCCSKSARGEN),SULTAN KUDARAT,PALIMBANG,KIDAYAN
REGION XII (SOCCSKSARGEN),SULTAN KUDARAT,PALIMBANG,KIPONGET
REGION XII (SOCCSKSARGEN),SULTAN KUDARAT,PALIMBANG,KULONG-KULONG
REGION XII (SOCCSKSARGEN),SULTAN KUDARAT,PALIMBANG,KRAAN
REGION XII (SOCCSKSARGEN),SULTAN KUDARAT,PALIMBANG,LANGALI
REGION XII (SOCCSKSARGEN),SULTAN KUDARAT,PALIMBANG,LIBUA
REGION XII (SOCCSKSARGEN),SULTAN KUDARAT,PALIMBANG,LUMITAN
REGION XII (SOCCSKSARGEN),SULTAN KUDARAT,PALIMBANG,MAGANAO
REGION XII (SOCCSKSARGEN),SULTAN KUDARAT,PALIMBANG,MAGUID
REGION XII (SOCCSKSARGEN),SULTAN KUDARAT,PALIMBANG,MALATUNENG (MALATUNOL)
REGION XII (SOCCSKSARGEN),SULTAN KUDARAT,PALIMBANG,MALISBONG
REGION XII (SOCCSKSARGEN),SULTAN KUDARAT,PALIMBANG,MILBUK
REGION XII (SOCCSKSARGEN),SULTAN KUDARAT,PALIMBANG,MOLON
REGION XII (SOCCSKSARGEN),SULTAN KUDARAT,PALIMBANG,NAMAT MASLA
REGION XII (SOCCSKSARGEN),SULTAN KUDARAT,PALIMBANG,NAPNAPON
REGION XII (SOCCSKSARGEN),SULTAN KUDARAT,PALIMBANG,POBLACION
REGION XII (SOCCSKSARGEN),SULTAN KUDARAT,PALIMBANG,SAN ROQUE
REGION XII (SOCCSKSARGEN),SULTAN KUDARAT,PALIMBANG,COLOBE (TAGADTAL)
REGION XII (SOCCSKSARGEN),SULTAN KUDARAT,PALIMBANG,TIBUHOL (EAST BADIANGON)
REGION XII (SOCCSKSARGEN),SULTAN KUDARAT,PALIMBANG,WAL
REGION XII (SOCCSKSARGEN),SULTAN KUDARAT,PALIMBANG,BAMBANEN
REGION XII (SOCCSKSARGEN),SULTAN KUDARAT,PALIMBANG,LOPOKEN (LEPOLON)
REGION XII (SOCCSKSARGEN),SULTAN KUDARAT,PALIMBANG,MINA
REGION XII (SOCCSKSARGEN),SULTAN KUDARAT,PALIMBANG,MEDOL
REGION XII (SOCCSKSARGEN),SULTAN KUDARAT,PALIMBANG,WASAG
REGION XII (SOCCSKSARGEN),SULTAN KUDARAT,PALIMBANG,BALWAN (BULAN)
REGION XII (SOCCSKSARGEN),SULTAN KUDARAT,PALIMBANG,LIGAO
REGION XII (SOCCSKSARGEN),SULTAN KUDARAT,PALIMBANG,DATU MAGUIALES
REGION XII (SOCCSKSARGEN),SULTAN KUDARAT,PRESIDENT QUIRINO,BAGUMBAYAN
REGION XII (SOCCSKSARGEN),SULTAN KUDARAT,PRESIDENT QUIRINO,BANNAWAG
REGION XII (SOCCSKSARGEN),SULTAN KUDARAT,PRESIDENT QUIRINO,BAYAWA
REGION XII (SOCCSKSARGEN),SULTAN KUDARAT,PRESIDENT QUIRINO,ESTRELLA
REGION XII (SOCCSKSARGEN),SULTAN KUDARAT,PRESIDENT QUIRINO,KALANAWE I
REGION XII (SOCCSKSARGEN),SULTAN KUDARAT,PRESIDENT QUIRINO,KALANAWE II
REGION XII (SOCCSKSARGEN),SULTAN KUDARAT,PRESIDENT QUIRINO,KATICO
REGION XII (SOCCSKSARGEN),SULTAN KUDARAT,PRESIDENT QUIRINO,MALINGON
REGION XII (SOCCSKSARGEN),SULTAN KUDARAT,PRESIDENT QUIRINO,MANGALEN
REGION XII (SOCCSKSARGEN),SULTAN KUDARAT,PRESIDENT QUIRINO,C. MANGILALA
REGION XII (SOCCSKSARGEN),SULTAN KUDARAT,PRESIDENT QUIRINO,PEDTUBO
REGION XII (SOCCSKSARGEN),SULTAN KUDARAT,PRESIDENT QUIRINO,POBLACION (SAMBULAWAN)
REGION XII (SOCCSKSARGEN),SULTAN KUDARAT,PRESIDENT QUIRINO,ROMUALDEZ
REGION XII (SOCCSKSARGEN),SULTAN KUDARAT,PRESIDENT QUIRINO,SAN JOSE
REGION XII (SOCCSKSARGEN),SULTAN KUDARAT,PRESIDENT QUIRINO,SINAKULAY
REGION XII (SOCCSKSARGEN),SULTAN KUDARAT,PRESIDENT QUIRINO,SUBEN
REGION XII (SOCCSKSARGEN),SULTAN KUDARAT,PRESIDENT QUIRINO,TINAUNGAN
REGION XII (SOCCSKSARGEN),SULTAN KUDARAT,PRESIDENT QUIRINO,TUAL (LIGUASAN)
REGION XII (SOCCSKSARGEN),SULTAN KUDARAT,PRESIDENT QUIRINO,SAN PEDRO (TUATO)
REGION XII (SOCCSKSARGEN),SULTAN KUDARAT,CITY OF TACURONG,BARAS
REGION XII (SOCCSKSARGEN),SULTAN KUDARAT,CITY OF TACURONG,BUENAFLOR
REGION XII (SOCCSKSARGEN),SULTAN KUDARAT,CITY OF TACURONG,CALEAN
REGION XII (SOCCSKSARGEN),SULTAN KUDARAT,CITY OF TACURONG,CARMEN
REGION XII (SOCCSKSARGEN),SULTAN KUDARAT,CITY OF TACURONG,D'LEDESMA
REGION XII (SOCCSKSARGEN),SULTAN KUDARAT,CITY OF TACURONG,GANSING
REGION XII (SOCCSKSARGEN),SULTAN KUDARAT,CITY OF TACURONG,KALANDAGAN
REGION XII (SOCCSKSARGEN),SULTAN KUDARAT,CITY OF TACURONG,LOWER KATUNGAL
REGION XII (SOCCSKSARGEN),SULTAN KUDARAT,CITY OF TACURONG,NEW ISABELA
REGION XII (SOCCSKSARGEN),SULTAN KUDARAT,CITY OF TACURONG,NEW LAGAO
REGION XII (SOCCSKSARGEN),SULTAN KUDARAT,CITY OF TACURONG,NEW PASSI
REGION XII (SOCCSKSARGEN),SULTAN KUDARAT,CITY OF TACURONG,POBLACION
REGION XII (SOCCSKSARGEN),SULTAN KUDARAT,CITY OF TACURONG,RAJAH NUDA
REGION XII (SOCCSKSARGEN),SULTAN KUDARAT,CITY OF TACURONG,SAN ANTONIO
REGION XII (SOCCSKSARGEN),SULTAN KUDARAT,CITY OF TACURONG,SAN EMMANUEL
REGION XII (SOCCSKSARGEN),SULTAN KUDARat,CITY OF TACURONG,SAN PABLO
REGION XII (SOCCSKSARGEN),SULTAN KUDARAT,CITY OF TACURONG,UPPER KATUNGAL
REGION XII (SOCCSKSARGEN),SULTAN KUDARAT,CITY OF TACURONG,TINA
REGION XII (SOCCSKSARGEN),SULTAN KUDARAT,CITY OF TACURONG,SAN RAFAEL
REGION XII (SOCCSKSARGEN),SULTAN KUDARAT,CITY OF TACURONG,LANCHETA
REGION XII (SOCCSKSARGEN),SULTAN KUDARAT,SEN. NINOY AQUINO,BANALI
REGION XII (SOCCSKSARGEN),SULTAN KUDARAT,SEN. NINOY AQUINO,BASAG
REGION XII (SOCCSKSARGEN),SULTAN KUDARAT,SEN. NINOY AQUINO,BUENAFLORES
REGION XII (SOCCSKSARGEN),SULTAN KUDARAT,SEN. NINOY AQUINO,BUGSO
REGION XII (SOCCSKSARGEN),SULTAN KUDARAT,SEN. NINOY AQUINO,BUKLOD
REGION XII (SOCCSKSARGEN),SULTAN KUDARAT,SEN. NINOY AQUINO,GAPOK
REGION XII (SOCCSKSARGEN),SULTAN KUDARAT,SEN. NINOY AQUINO,KADI
REGION XII (SOCCSKSARGEN),SULTAN KUDARAT,SEN. NINOY AQUINO,KAPATAGAN
REGION XII (SOCCSKSARGEN),SULTAN KUDARAT,SEN. NINOY AQUINO,KIADSAM
REGION XII (SOCCSKSARGEN),SULTAN KUDARAT,SEN. NINOY AQUINO,KUDEN
REGION XII (SOCCSKSARGEN),SULTAN KUDARAT,SEN. NINOY AQUINO,KULAMAN
REGION XII (SOCCSKSARGEN),SULTAN KUDARAT,SEN. NINOY AQUINO,LAGUBANG
REGION XII (SOCCSKSARGEN),SULTAN KUDARAT,SEN. NINOY AQUINO,LANGGAL
REGION XII (SOCCSKSARGEN),SULTAN KUDARat,SEN. NINOY AQUINO,LIMUHAY
REGION XII (SOCCSKSARGEN),SULTAN KUDARAT,SEN. NINOY AQUINO,MALEGDEG
REGION XII (SOCCSKSARGEN),SULTAN KUDARAT,SEN. NINOY AQUINO,MIDTUNGOK
REGION XII (SOCCSKSARGEN),SULTAN KUDARAT,SEN. NINOY AQUINO,NATI
REGION XII (SOCCSKSARGEN),SULTAN KUDARAT,SEN. NINOY AQUINO,SEWOD
REGION XII (SOCCSKSARGEN),SULTAN KUDARAT,SEN. NINOY AQUINO,TACUPIS
REGION XII (SOCCSKSARGEN),SULTAN KUDARAT,SEN. NINOY AQUINO,TINALON
REGION XII (SOCCSKSARGEN),SARANGANI,ALABEL (Capital),ALEGRIA
REGION XII (SOCCSKSARGEN),SARANGANI,ALABEL (Capital),BAGACAY
REGION XII (SOCCSKSARGEN),SARANGANI,ALABEL (Capital),BALUNTAY
REGION XII (SOCCSKSARGEN),SARANGANI,ALABEL (Capital),DATAL ANGGAS
REGION XII (SOCCSKSARGEN),SARANGANI,ALABEL (Capital),DOMOLOK
REGION XII (SOCCSKSARGEN),SARANGANI,ALABEL (Capital),KAWAS
REGION XII (SOCCSKSARGEN),SARANGANI,ALABEL (Capital),MARIBULAN
REGION XII (SOCCSKSARGEN),SARANGANI,ALABEL (Capital),PAG-ASA
REGION XII (SOCCSKSARGEN),SARANGANI,ALABEL (Capital),PARAISO
REGION XII (SOCCSKSARGEN),SARANGANI,ALABEL (Capital),POBLACION (ALABEL)
REGION XII (SOCCSKSARGEN),SARANGANI,ALABEL (Capital),SPRING
REGION XII (SOCCSKSARGEN),SARANGANI,ALABEL (Capital),TOKAWAL
REGION XII (SOCCSKSARGEN),SARANGANI,ALABEL (Capital),LADOL
REGION XII (SOCCSKSARGEN),SARANGANI,GLAN,BALITON
REGION XII (SOCCSKSARGEN),SARANGANI,GLAN,BATOTULING
REGION XII (SOCCSKSARGEN),SARANGANI,GLAN,BATULAKI
REGION XII (SOCCSKSARGEN),SARANGANI,GLAN,BIG MARGUS
REGION XII (SOCCSKSARGEN),SARANGANI,GLAN,BURIAS
REGION XII (SOCCSKSARGEN),SARANGANI,GLAN,CABLALAN
REGION XII (SOCCSKSARGEN),SARANGANI,GLAN,CALABANIT
REGION XII (SOCCSKSARGEN),SARANGANI,GLAN,CALPIDONG
REGION XII (SOCCSKSARGEN),SARANGANI,GLAN,CONGAN
REGION XII (SOCCSKSARGEN),SARANGANI,GLAN,CROSS
REGION XII (SOCCSKSARGEN),SARANGANI,GLAN,DATALBUKAY
REGION XII (SOCCSKSARGEN),SARANGANI,GLAN,E. ALEGADO
REGION XII (SOCCSKSARGEN),SARANGANI,GLAN,GLAN PADIDU
REGION XII (SOCCSKSARGEN),SARANGANI,GLAN,GUMASA
REGION XII (SOCCSKSARGEN),SARANGANI,GLAN,ILAYA
REGION XII (SOCCSKSARGEN),SARANGANI,GLAN,KALTUAD
REGION XII (SOCCSKSARGEN),SARANGANI,GLAN,KAPATAN
REGION XII (SOCCSKSARGEN),SARANGANI,GLAN,LAGO
REGION XII (SOCCSKSARGEN),SARANGANI,GLAN,LAGUIMIT
REGION XII (SOCCSKSARGEN),SARANGANI,GLAN,MUDAN
REGION XII (SOCCSKSARGEN),SARANGANI,GLAN,NEW AKLAN
REGION XII (SOCCSKSARGEN),SARANGANI,GLAN,PANGYAN
REGION XII (SOCCSKSARGEN),SARANGANI,GLAN,POBLACION
REGION XII (SOCCSKSARGEN),SARANGANI,GLAN,RIO DEL PILAR
REGION XII (SOCCSKSARGEN),SARANGANI,GLAN,SAN JOSE
REGION XII (SOCCSKSARGEN),SARANGANI,GLAN,SAN VICENTE
REGION XII (SOCCSKSARGEN),SARANGANI,GLAN,SMALL MARGUS
REGION XII (SOCCSKSARGEN),SARANGANI,GLAN,SUFATUBO
REGION XII (SOCCSKSARGEN),SARANGANI,GLAN,TALUYA
REGION XII (SOCCSKSARGEN),SARANGANI,GLAN,TANGO
REGION XII (SOCCSKSARGEN),SARANGANI,GLAN,TAPON
REGION XII (SOCCSKSARGEN),SARANGANI,KIAMBA,BADTASAN
REGION XII (SOCCSKSARGEN),SARANGANI,KIAMBA,DATU DANI
REGION XII (SOCCSKSARGEN),SARANGANI,KIAMBA,GASI
REGION XII (SOCCSKSARGEN),SARANGANI,KIAMBA,KAPATE
REGION XII (SOCCSKSARGEN),SARANGANI,KIAMBA,KATUBAO
REGION XII (SOCCSKSARGEN),SARANGANI,KIAMBA,KAYUPO
REGION XII (SOCCSKSARGEN),SARANGANI,KIAMBA,KLING (LUMIT)
REGION XII (SOCCSKSARGEN),SARANGANI,KIAMBA,LAGUNDI
REGION XII (SOCCSKSARGEN),SARANGANI,KIAMBA,LEBE
REGION XII (SOCCSKSARGEN),SARANGANI,KIAMBA,LOMUYON
REGION XII (SOCCSKSARGEN),SARANGANI,KIAMBA,LUMA
REGION XII (SOCCSKSARGEN),SARANGANI,KIAMBA,MALIGANG
REGION XII (SOCCSKSARGEN),SARANGANI,KIAMBA,NALUS
REGION XII (SOCCSKSARGEN),SARANGANI,KIAMBA,POBLACION
REGION XII (SOCCSKSARGEN),SARANGANI,KIAMBA,SALAKIT
REGION XII (SOCCSKSARGEN),SARANGANI,KIAMBA,SULI
REGION XII (SOCCSKSARGEN),SARANGANI,KIAMBA,TABLAO
REGION XII (SOCCSKSARGEN),SARANGANI,KIAMBA,TAMADANG
REGION XII (SOCCSKSARGEN),SARANGANI,KIAMBA,TAMBILIL
REGION XII (SOCCSKSARGEN),SARANGANI,MAASIM,AMSIPIT
REGION XII (SOCCSKSARGEN),SARANGANI,MAASIM,BALES
REGION XII (SOCCSKSARGEN),SARANGANI,MAASIM,COLON
REGION XII (SOCCSKSARGEN),SARANGANI,MAASIM,DALIAO
REGION XII (SOCCSKSARGEN),SARANGANI,MAASIM,KABATIOL
REGION XII (SOCCSKSARGEN),SARANGANI,MAASIM,KABLACAN
REGION XII (SOCCSKSARGEN),SARANGANI,MAASIM,KAMANGA
REGION XII (SOCCSKSARGEN),SARANGani,MAASIM,KANALO
REGION XII (SOCCSKSARGEN),SARANGANI,MAASIM,LUMASAL
REGION XII (SOCCSKSARGEN),SARANGANI,MAASIM,LUMATIL
REGION XII (SOCCSKSARGEN),SARANGANI,MAASIM,MALBANG
REGION XII (SOCCSKSARGEN),SARANGANI,MAASIM,NOMOH
REGION XII (SOCCSKSARGEN),SARANGANI,MAASIM,PANANAG
REGION XII (SOCCSKSARGEN),SARANGANI,MAASIM,POBLACION (MAASIM)
REGION XII (SOCCSKSARGEN),SARANGANI,MAASIM,SEVEN HILLS
REGION XII (SOCCSKSARGEN),SARANGANI,MAASIM,TINOTO
REGION XII (SOCCSKSARGEN),SARANGANI,MAITUM,BATI-AN
REGION XII (SOCCSKSARGEN),SARANGANI,MAITUM,KALANEG
REGION XII (SOCCSKSARGEN),SARANGANI,MAITUM,KALAONG
REGION XII (SOCCSKSARGEN),SARANGANI,MAITUM,KIAMBING
REGION XII (SOCCSKSARGEN),SARANGANI,MAITUM,KIAYAP
REGION XII (SOCCSKSARGEN),SARANGANI,MAITUM,MABAY
REGION XII (SOCCSKSARGEN),SARANGANI,MAITUM,MAGULING
REGION XII (SOCCSKSARGEN),SARANGANI,MAITUM,MALALAG (POB.)
REGION XII (SOCCSKSARGEN),SARANGANI,MAITUM,MINDUPOK
REGION XII (SOCCSKSARGEN),SARANGANI,MAITUM,NEW LA UNION
REGION XII (SOCCSKSARGEN),SARANGANI,MAITUM,OLD POBLACION (MAITUM)
REGION XII (SOCCSKSARGEN),SARANGANI,MAITUM,PANGI (LINAO)
REGION XII (SOCCSKSARGEN),SARANGANI,MAITUM,PINOL
REGION XII (SOCCSKSARGEN),SARANGANI,MAITUM,SISON (EDENTON)
REGION XII (SOCCSKSARGEN),SARANGANI,MAITUM,TICULAB
REGION XII (SOCCSKSARGEN),SARANGANI,MAITUM,TUANADATU
REGION XII (SOCCSKSARGEN),SARANGANI,MAITUM,UPO (LANAO)
REGION XII (SOCCSKSARGEN),SARANGANI,MAITUM,WALI (KAMBUHAN)
REGION XII (SOCCSKSARGEN),SARANGANI,MAITUM,ZION
REGION XII (SOCCSKSARGEN),SARANGANI,MALAPATAN,DAAN SUYAN
REGION XII (SOCCSKSARGEN),SARANGANI,MALAPATAN,KIHAN
REGION XII (SOCCSKSARGEN),SARANGANI,MALAPATAN,KINAM
REGION XII (SOCCSKSARGEN),SARANGANI,MALAPATAN,LIBI
REGION XII (SOCCSKSARGEN),SARANGANI,MALAPATAN,LUN MASLA
REGION XII (SOCCSKSARGEN),SARANGANI,MALAPATAN,LUN PADIDU
REGION XII (SOCCSKSARGEN),SARANGANI,MALAPATAN,PATAG
REGION XII (SOCCSKSARGEN),SARANGANI,MALAPATAN,POBLACION (MALAPATAN)
REGION XII (SOCCSKSARGEN),SARANGANI,MALAPATAN,SAPU MASLA
REGION XII (SOCCSKSARGEN),SARANGANI,MALAPATAN,SAPU PADIDU
REGION XII (SOCCSKSARGEN),SARANGANI,MALAPATAN,TUYAN
REGION XII (SOCCSKSARGEN),SARANGANI,MALAPATAN,UPPER SUYAN
REGION XII (SOCCSKSARGEN),SARANGANI,MALUNGON,ALKIKAN
REGION XII (SOCCSKSARGEN),SARANGANI,MALUNGON,AMPON
REGION XII (SOCCSKSARGEN),SARANGANI,MALUNGON,ATLAE
REGION XII (SOCCSKSARGEN),SARANGANI,MALUNGON,BANAHAW
REGION XII (SOCCSKSARGEN),SARANGANI,MALUNGON,BANATE
REGION XII (SOCCSKSARGEN),SARANGANI,MALUNGON,B'LAAN
REGION XII (SOCCSKSARGEN),SARANGANI,MALUNGON,DATAL BATONG
REGION XII (SOCCSKSARGEN),SARANGANI,MALUNGON,DATAL BILA
REGION XII (SOCCSKSARGEN),SARANGANI,MALUNGON,DATAL TAMPAL
REGION XII (SOCCSKSARGEN),SARANGANI,MALUNGON,J.P. LAUREL
REGION XII (SOCCSKSARGEN),SARANGANI,MALUNGON,KAWAYAN
REGION XII (SOCCSKSARGEN),SARANGANI,MALUNGON,KIBALA
REGION XII (SOCCSKSARGEN),SARANGANI,MALUNGON,KIBLAT
REGION XII (SOCCSKSARGEN),SARANGANI,MALUNGON,KINABALAN
REGION XII (SOCCSKSARGEN),SARANGANI,MALUNGON,LOWER MAINIT
REGION XII (SOCCSKSARGEN),SARANGANI,MALUNGON,LUTAY
REGION XII (SOCCSKSARGEN),SARANGANI,MALUNGON,MALABOD
REGION XII (SOCCSKSARGEN),SARANGANI,MALUNGON,MALALAG COGON
REGION XII (SOCCSKSARGEN),SARANGANI,MALUNGON,MALANDAG
REGION XII (SOCCSKSARGEN),SARANGANI,MALUNGON,MALUNGON GAMAY
REGION XII (SOCCSKSARGEN),SARANGANI,MALUNGON,NAGPAN
REGION XII (SOCCSKSARGEN),SARANGANI,MALUNGON,PANAMIN
REGION XII (SOCCSKSARGEN),SARANGANI,MALUNGON,POBLACION
REGION XII (SOCCSKSARGEN),SARANGANI,MALUNGON,SAN JUAN
REGION XII (SOCCSKSARGEN),SARANGANI,MALUNGON,SAN MIGUEL
REGION XII (SOCCSKSARGEN),SARANGANI,MALUNGON,SAN ROQUE
REGION XII (SOCCSKSARGEN),SARANGANI,MALUNGON,TALUS
REGION XII (SOCCSKSARGEN),SARANGANI,MALUNGON,TAMBAN
REGION XII (SOCCSKSARGEN),SARANGANI,MALUNGON,UPPER BIANGAN
REGION XII (SOCCSKSARGEN),SARANGANI,MALUNGON,UPPER LUMABAT
REGION XII (SOCCSKSARGEN),SARANGANI,MALUNGON,UPPER MAINIT
REGION XII (SOCCSKSARGEN),COTABATO CITY (Not a Province),CITY OF COTABATO,BAGUA
REGION XII (SOCCSKSARGEN),COTABATO CITY (Not a Province),CITY OF COTABATO,KALANGANAN
REGION XII (SOCCSKSARGEN),COTABATO CITY (Not a Province),CITY OF COTABATO,POBLACION
REGION XII (SOCCSKSARGEN),COTABATO CITY (Not a Province),CITY OF COTABATO,ROSARY HEIGHTS
REGION XII (SOCCSKSARGEN),COTABATO CITY (Not a Province),CITY OF COTABATO,TAMONTAKA
REGION XII (SOCCSKSARGEN),COTABATO CITY (Not a Province),CITY OF COTABATO,BAGUA I
REGION XII (SOCCSKSARGEN),COTABATO CITY (Not a Province),CITY OF COTABATO,BAGUA II
REGION XII (SOCCSKSARGEN),COTABATO CITY (Not a Province),CITY OF COTABATO,BAGUA III
REGION XII (SOCCSKSARGEN),COTABATO CITY (Not a Province),CITY OF COTABATO,KALANGANAN I
REGION XII (SOCCSKSARGEN),COTABATO CITY (Not a Province),CITY OF COTABATO,KALANGANAN II
REGION XII (SOCCSKSARGEN),COTABATO CITY (Not a Province),CITY OF COTABATO,POBLACION I
REGION XII (SOCCSKSARGEN),COTABATO CITY (Not a Province),CITY OF COTABATO,POBLACION II
REGION XII (SOCCSKSARGEN),COTABATO CITY (Not a Province),CITY OF COTABATO,POBLACION III
REGION XII (SOCCSKSARGEN),COTABATO CITY (Not a Province),CITY OF COTABATO,POBLACION IV
REGION XII (SOCCSKSARGEN),COTABATO CITY (Not a Province),CITY OF COTABATO,POBLACION V
REGION XII (SOCCSKSARGEN),COTABATO CITY (Not a Province),CITY OF COTABATO,POBLACION VI
REGION XII (SOCCSKSARGEN),COTABATO CITY (Not a Province),CITY OF COTABATO,POBLACION VII
REGION XII (SOCCSKSARGEN),COTABATO CITY (Not a Province),CITY OF COTABATO,POBLACION VIII
REGION XII (SOCCSKSARGEN),COTABATO CITY (Not a Province),CITY OF COTABATO,POBLACION IX
REGION XII (SOCCSKSARGEN),COTABATO CITY (Not a Province),CITY OF COTABATO,ROSARY HEIGHTS I
REGION XII (SOCCSKSARGEN),COTABATO CITY (Not a Province),CITY OF COTABATO,ROSARY HEIGHTS II
REGION XII (SOCCSKSARGEN),COTABATO CITY (Not a Province),CITY OF COTABATO,ROSARY HEIGHTS III
REGION XII (SOCCSKSARGEN),COTABATO CITY (Not a Province),CITY OF COTABATO,ROSARY HEIGHTS IV
REGION XII (SOCCSKSARGEN),COTABATO CITY (Not a Province),CITY OF COTABATO,ROSARY HEIGHTS V
REGION XII (SOCCSKSARGEN),COTABATO CITY (Not a Province),CITY OF COTABATO,ROSARY HEIGHTS VI
REGION XII (SOCCSKSARGEN),COTABATO CITY (Not a Province),CITY OF COTABATO,ROSARY HEIGHTS VII
REGION XII (SOCCSKSARGEN),COTABATO CITY (Not a Province),CITY OF COTABATO,ROSARY HEIGHTS VIII
REGION XII (SOCCSKSARGEN),COTABATO CITY (Not a Province),CITY OF COTABATO,ROSARY HEIGHTS IX
REGION XII (SOCCSKSARGEN),COTABATO CITY (Not a Province),CITY OF COTABATO,ROSARY HEIGHTS X
REGION XII (SOCCSKSARGEN),COTABATO CITY (Not a Province),CITY OF COTABATO,ROSARY HEIGHTS XI
REGION XII (SOCCSKSARGEN),COTABATO CITY (Not a Province),CITY OF COTABATO,ROSARY HEIGHTS XII
REGION XII (SOCCSKSARGEN),COTABATO CITY (Not a Province),CITY OF COTABATO,ROSARY HEIGHTS XIII
REGION XII (SOCCSKSARGEN),COTABATO CITY (Not a Province),CITY OF COTABATO,TAMONTAKA I
REGION XII (SOCCSKSARGEN),COTABATO CITY (Not a Province),CITY OF COTABATO,TAMONTAKA II
REGION XII (SOCCSKSARGEN),COTABATO CITY (Not a Province),CITY OF COTABATO,TAMONTAKA III
REGION XII (SOCCSKSARGEN),COTABATO CITY (Not a Province),CITY OF COTABATO,TAMONTAKA IV
REGION XII (SOCCSKSARGEN),COTABATO CITY (Not a Province),CITY OF COTABATO,TAMONTAKA V
